platform,country,rating,version,author,updated,title,text,categories
"ios","dk","5","6.14.3","Doulingo is ok","2026-06-15T11:16:36-07:00","Good","I Think there is no problem but maybe it could get a little better  Sub to Stokbros",""
"ios","dk","5","6.14.2","DeleteRthro","2026-05-11T09:32:30-07:00","god👍","mega god app👍",""
"ios","dk","3","6.14.2","OlleHD2007","2026-05-11T08:56:57-07:00","Fin app","Egentlig en meget fin app til fodbold osv. Men hold op hvor er jeg træt af alle de opdateringer. Der er en opdatering mindst 1 gang om måneden. Nogle gange flere. Stop nu. Der er ikke noget som helst der ændre sig. Det er så sjældent det er en opdatering hvor noget visuelt ændre sig. Lad nu vær med at lave så mange opdateringer",""
"ios","dk","5","6.14","Ennis Farizi klare","2026-05-06T04:25:32-07:00","En god app","Det er en rigtig god app som viser at hvad du har brug for i dit fodbold liv","ros"
"ios","dk","2","6.12","Kezia Nyrup","2026-04-25T21:15:42-07:00","Data kan ikke hentes","Jeg oplever ca hver anden gang af appen ikke kan hente data, den lukker ned. Som admin af et fodboldhold er det ret træls. Der bør virkelig arbejdes på stabiliteten.","nedbrud_fejl"
"ios","dk","5","6.12","Jsjbdv","2026-04-22T10:09:08-07:00","Virkelig god","Alt fungerer fint fedt man kan se hvornår man skal træne og alt det der super god kvalitet","ros"
"ios","dk","1","6.9.1","tobias_85","2026-01-07T07:49:36-07:00","Næsten lige så dårlig som Aula","Det er ikke en app men en hjemmeside der er proppet ind i en app. Alt for mange mærkelige funktioner og underlig UX.",""
"ios","dk","5","6.9.1","DBULOVER","2026-01-06T22:39:44-07:00","FIN APP","DEN ER GOD MEN REKALMERNE ØDELÆGGER DET",""
"ios","dk","2","6.9","jasdk83","2025-11-29T23:21:55-07:00","Kontaktpersoner og børn ???","Prøver at sætte app op men det med at få Sine børn ind er super u-intuitivt! Min kone er derinde og børn men jeg har fået app op at køre efterfølgende . Har fået min kone over som kontaktperson, men hvorfor følger børnene ikke med ???",""
"ios","dk","4","6.8","Jenendkf","2025-10-16T05:35:30-07:00","God","Den er god men for at komme på 5 skal den registrere med det samme når man trykker",""
"ios","dk","2","6.8","Mjoer","2025-10-14T06:56:36-07:00","2 på samme tid","Kan det ikke blive lavet sådan at man kan have begge sine børn logget på app på samme tid så jeg ikke skal logge ud vær gang jeg skal se hvad deres træner skriver til os.",""
"ios","dk","4","6.7.1","Lubimo1234","2025-09-08T06:51:20-07:00","Den er rigtig god⚽️⚽️","Men min app opdaterer ikke så meget så jeg ville bare lige hører hvordan jeg kan opdatere den. Men den er rigtig god. Også som mig selv (en spiller) er den god. Jeg kan fx se hvem der skal have snacks med og (mig som dommer ) hvem der skal dømme kampen. Men den opdaterer desværre ikke. Men jeg vil andbefale den her app til alle fodbold tosser⚽️","ros"
"ios","dk","5","6.7.1","Signsen","2025-08-30T04:25:45-07:00","Super app","Nem at bruge","ros"
"ios","dk","2","6.7.1","Camilla Boxer","2025-08-29T05:15:32-07:00","Lukker ned","Når man prøver at oprette træningskamp - lukker appen ned  Det er sk*de irriterende… det her ellers virket tidligere men nu kan jeg ikke længere oprette trænings kampe via appen","nedbrud_fejl"
"ios","dk","5","6.6.1","Andreas_Pedersen","2025-08-14T06:10:45-07:00","Det er en simple app","Til dem der ikke kan finde ud af at bruge den burde i nok bare spørge nogle fordi den er simple og nem mens du kan tilmelde din børn til kampe",""
"ios","dk","1","6.6","Jens Nørager Larsen","2025-08-10T10:30:44-07:00","Appen lukker konstant","Appen lukker konstant",""
"ios","dk","1","6.6","Vestergaard 15","2025-08-08T10:10:21-07:00","Øv","Så er den gal igen. Den går konstant ned i dag når man går ind på live.",""
"ios","dk","1","6.5.1","Marley 98","2025-07-02T02:33:09-07:00","Log ind","Hvis du bliver logget ud kan du ikke blive logget ind igen, så siger den at du bare kan lave en ny adgangskode men det virker ikke så jeg kan ikke blive logget ind igen","nedbrud_fejl|login_adgang"
"ios","dk","5","6.5","ssssdsssš","2025-06-25T09:26:07-07:00","Nice app","Brug den her app",""
"ios","dk","1","6.5","HansHytteballe","2025-06-19T10:26:33-07:00","Opdatering","App lukker ned","nedbrud_fejl"
"ios","dk","5","6.4.2","sakser","2025-04-16T06:21:31-07:00","Dejlig nem at bruge","Appen er god og nem at bruge og den virker godt","ros"
"ios","dk","4","6.4.2","1hjaltep","2025-04-16T01:45:30-07:00","Fin app","Fin app men den hagger lidt for tit og går bare ud af appen nogen gange",""
"ios","dk","1","6.4.1","xbfbr f fj jfbbfnf","2025-04-02T14:03:01-07:00","Crashout","Den her er app er så ødelagt. Den logger mig ud hele tiden, den kan åbenbart ikke huske mit log-in og den er så langsom, og til sidst smider den mig ud af appen.","nedbrud_fejl"
"ios","dk","5","6.4.1","Lavet af Gabriel","2025-04-02T12:23:23-07:00","Perfekt app","Perfekt app fordi det er meget nemt at finde rundt i systemet",""
"ios","dk","3","6.4","Jeppe_max","2025-04-01T09:38:53-07:00","Very good very nice","Very good very nice",""
"ios","dk","3","6.2","Lauge88","2025-03-16T02:21:15-07:00","Beskeder","I bør sørge for, at man også kan slette sendte beskeder.  Det giver ingen mening at de ikke kan slettes.","notifikationer"
"ios","dk","2","6.2","Ronronronron23","2025-03-14T00:33:20-07:00","Ok - but not great","It’s not intuitive when using it for group messages or trying to find information that isn’t just your average overview of trainings and matches",""
"ios","dk","1","6.2","Nicolai Henriksen","2025-03-02T00:19:59-07:00","Ikke tilgængelig","Overholder ikke tilgængelighedskrav. Tag et kig på WCAG overhold loven!  Er totalt umulig og meget forvirrende at navigere rundt i.","ux_findbarhed"
"ios","dk","2","6.2","Lytter1919","2025-02-25T22:38:56-07:00","Rodet og forvirrende","Jeg skal alene bruge app’en til at holde styr på min søns fodboldtræning og -kamp. Men app’en kræver at man nærmest er højtengageret  fodboldtosse. Brugervenligheden og overskueligheden er et sted i Rusland!","ux_findbarhed|login_adgang"
"ios","dk","1","6.2","crityson","2025-02-06T08:15:48-07:00","Ikke intuitivt app","kan ikke finde ud af det med kontaktperson eller kampklar. Det er en ekstrem dårlig og u-intuitiv app.   Der burde være to knapper. Tilføj barn. Og indmeld på hold. Færdigt. Artikler og videoer om hvordan og hvorledes. Jeg kan ik mere.","ux_findbarhed"
"ios","dk","4","6.1","Nygaard8000","2024-12-06T06:27:50-07:00","Læst alle beskeder","Hey. Kunne i ikke lige sætte funktionen på igen som hedder markere alle beskeder som læst. Den er forsvundet i jeres opdatering.","notifikationer"
"ios","dk","3","6.1","Løvet","2024-12-06T03:44:23-07:00","Kan ikke åbne app efter automatisk opdatering","Kan ikke åbne app efter automatisk opdatering",""
"ios","dk","1","6.1","verofisher","2024-12-05T11:02:55-07:00","Latterligt dårlig","Uegnet til familier med flere forældre eller flere børn. Ubrugelig",""
"ios","dk","2","6.0.3","Lemoso","2024-11-03T12:11:18-07:00","Ualmindeligt uoverskuelig","Jeg synes at det er utrolig svært at navigere rundt i appen, og finde hold eller ligaer, samt lave favoritter.  Og så er registreringsprocessen også super clunky, og tager flere dage.. det har jeg sørme aldrig oplevet før.","ux_findbarhed"
"ios","dk","2","6.0.3","Umulig og ubrugelig app","2024-09-30T09:11:52-07:00","Ringe","Det er meget vanskeligt at være forældre til flere fodboldbørn og bruge denne app. Man skal ind i en undermenu for at logge ud og når man logger ind med det andet barn, får man oftest en fejlmeddelse “Fejl i hentning af aktivitet”.   Man bør lave en opdatering af appen, hvor man gør det nemmere at benytte flere brugere (da nogle har flere end et barn, der spiller fodbold og nogle også selv spiller).","nedbrud_fejl|login_adgang"
"ios","dk","2","6.0.3","Arboe","2024-09-25T08:38:13-07:00","Uoverskuelig","Jeg er desværre (heller) ikke fan af App’en efter sidste overhaling. Den fremstår som fodboldforældre-bruger, ikke særlig intuitiv eller smart. Kan se supporten svarer på anmeldelserne og indbyder til feedback på mail, så det gør at jeg sniger mig op på 2 stjerner. Hvis det så betyder at det faktisk bliver forbedret, så må antal stjerner selvfølgelig revurderes.","ux_findbarhed|login_adgang"
"ios","dk","1","6.0.2","HerkertmedH","2024-07-03T02:12:48-07:00","Dårligt system","Jeg giver denne app 1 stjerne.  Appen er utroligt dårligt sat op. Det virker, som om udviklerne har fokuseret på alt muligt unødvendigt i stedet for at prioritere funktionalitet og brugervenlighed. Den er rodet, svær at navigere i, og lever slet ikke op til forventningerne.","ux_findbarhed|login_adgang"
"ios","dk","1","6.0","Ingolf 52","2024-06-17T13:00:23-07:00","Sikke en omgang l…","Nu orker jeg ikke denne app mere den er blevet så besværlig og hvad ved jeg så ud med den.","ux_findbarhed"
"ios","dk","1","6.0","Lieberkind333","2024-06-17T12:20:38-07:00","Crasher og ringe UX","Ny opdatering har formået at gøre UX endnu værre end sidste sidste store UX opdatering.   Denne gang crasher appen også når man forsøger at åbne den nye funktion “Mine stats”.  Bliver der overhovedet testet inden i lancerer opdateringer? Appen bliver kun værre hver gang der kommer noget nyt.  Skuffende.","nedbrud_fejl"
"ios","dk","2","6.0","Nynsen","2024-06-17T09:29:45-07:00","App crasher","Lige opdateret app’en, som efter jeres mening skulle være fremragende.   Nu crasher den så bare som aldrig før :-/  Kunne bedre lide den gamle version!","nedbrud_fejl"
"ios","dk","2","5.4","ronrondk","2024-04-28T04:26:45-07:00","App crasher","Jeg har i længere tid mødt beskeden på forsiden om, at jeg skal opdatere til den nye app. Men når jeg klikker på beskeden, crasher appen. Jeg kan heller ikke opdatere igennem AppStore, da den ikke mener der er en opdatering. Har også prøvet at slette app og installere igen. Men stadig samme problem.","nedbrud_fejl|notifikationer"
"ios","dk","1","5.3.2","Mads_Mm","2024-04-09T09:13:32-07:00","Dårligt","Appen crasher hele tiden man kan ikke have den åbnet i mere end 40 sekunder uden at den fryser.   Alt for mange reklamer det ødelægger det  Og appen er rodet  Men ellers fungerer appen som den skal","ux_findbarhed|nedbrud_fejl"
"ios","dk","1","5.3","nnmlkæk","2024-04-02T04:25:22-07:00","Bøvl med DBU- app.","Hej DAB uge. Jeg er en helt blind bror er den er fodbold app, så jeg kan følge med i min barndomsklub. Men jeg kan ikke komme ind og åbne sø, søgklub, tilføje favorit eller noget som helst der sker intet når jeg trykker på de forskellige knapper. Er der andre har dette problem? Og er det fordi at den er i karambolage med VoiceOver? jeg har prøvet at slette appen helt og installere igen. Jeg kan heller ikke opdatere den.",""
"ios","dk","1","5.3","levirX","2024-03-23T03:57:37-07:00","Uoverskueligt","Savner gamle app,hvor man kunne se flere dage samtidig. Kunne man lave sådan at man vælger i indstilinger om man vil se en dage eller flere dage?","ux_findbarhed"
"ios","dk","3","5.2.1","BountyLalala","2024-02-28T04:24:51-07:00","En stor bøn","Gør det meget gerne MEGET nemmere at skifte mellem profiler i appen. Det er møgbesværligt at skifte mellem sine fodboldspillende børns profiler","ux_findbarhed"
"ios","dk","1","5.2.1","Fedtøre1234","2024-02-01T13:03:38-07:00","Skod app","Virkelig en skod app med alt for mange ting man skal bruge en pc til",""
"ios","dk","3","5.1.6","Yug Krishna","2023-11-21T22:55:29-07:00","Option to Change App Language to English","Dear Team # the App must been good. Why I said must is due to the fact the app is only in Danish. Some Xpacts like us have a difficult time to copy paste from the app to Google translate which is definitely affecting our use of the app and the experience. May we know if you can introduce the option to have English language for the app as well? Thanks and Regards, Yug","sprog"
"ios","dk","1","5.1.6","Nordkap","2023-11-15T05:28:02-07:00","Håbløs","Der er absolut intet intuitivt over den app. Udviklerens svar på den massive kritik er at bede anmelder udpege hvor den halter. Min anbefaling er at lave en hurtig fokus gruppe og bed gruppen anvende app både fra et forældre og træner perspektiv. Så folder problematikken sig helt naturligt ud, den er gal på hele brugerfladen.","login_adgang"
"ios","dk","1","5.1.6","yunus2310","2023-10-30T09:38:46-07:00","Nye layout er virkelig uoverskuelig","Det nye layout er virkelig blevet meget dårlig og uoverskuelig. Før kunne man komme hurtigere ind det man søgte/kiggede efter.","ux_findbarhed"
"ios","dk","1","5.1.2","Wooddk","2023-10-02T11:16:48-07:00","Appen 💥crasher når man vil se stilling 😳","Jeg har ikke oplevet så mange crash med mine apps som jeg oplever med denne efter de seneste opdateringer.   Hvorfor kan man ikke længere se puljens kampprogram?  Er også rimelig lang tid om at loade og især opdatere slettet beskeder. 🤔","nedbrud_fejl|notifikationer"
"android","dk","4","6.14.3","Thomas Møller Hansen","2026-06-23T09:19:39.216Z","","God, overskuelig app.",""
"android","dk","3","6.14.2","Kristian N","2026-05-13T23:04:51.530Z","","Crasher 50 % af de gange, den åbnes. Funktionaliteten er ellers fin, når man endelig kommer ind, men den tager enormt lang tid om at kridte banen op.","nedbrud_fejl"
"android","dk","4","6.11","En Google-bruger","2026-04-11T08:58:51.458Z","","Pt (11-04-26) er der problemer med jeres ellers udmærkede app. Der popper alle mulige turneringer op fra 2012/13 og 14 og det hele sejler rundt derinde.",""
"android","dk","1","6.11","Michelle Skriver Klattrup","2026-04-09T17:38:54.569Z","","Den er så uoverskueligt denne app.","ux_findbarhed"
"android","dk","5","6.9","En Google-bruger","2026-01-07T19:03:40.943Z","","fantastisk app","ros"
"android","dk","1","6.8","Jonas Nielsen","2025-11-11T07:45:46.299Z","","jeg får ikke nogen meddelelser.",""
"android","dk","1","6.7.1","Dennis Højgaard","2025-09-25T13:55:41.134Z","","Jeg får ingen app notifikationer selvom det er slået til i appen.","notifikationer"
"android","dk","5","6.7.1","Said","2025-09-23T13:36:54.121Z","","fantastisk der hjælper helt vildt meget med min fodbold træning og kampe","ros"
"android","dk","5","","Pierre Skipper","2025-08-31T05:10:04.673Z","","Rigtig dejlig App hvis jeg skulle sige det. den fungere godt",""
"android","dk","1","6.6","Mathias Kinder","2025-08-12T04:01:43.794Z","","Så lusket at smide reklamer ind. Ingen respekt",""
"android","dk","1","6.4.3","Peter Søgaard Kristensen","2025-05-13T03:52:57.574Z","","det er svært at tilgå favoritter. ikke muligt at se deltagere på holdet. skal logge ind og ud før jeg kan deltage/framelde til kampen. dette er sket den sidste uges tid. der står flere gange ""menuen kan ikke hentes""","login_adgang"
"android","dk","1","6.4.3","Tim Lemmon","2025-05-10T08:00:25.909Z","","virker ikke optimalt..","nedbrud_fejl"
"android","dk","5","6.4.1","Benjamin Petersen","2025-04-17T19:23:38.230Z","","dejlig app!",""
"android","dk","1","6.4.1","Helle F. Klarup","2025-04-05T12:38:12.861Z","","appen er blevet mega irriterende og træls når man åbner den. Kommer med mulighed for ""rundtur"" i appen hver ENESTE gang den åbnes til trods for man klikke nej hertil. Virkelig pisse irriterende! Det må kunne gøres bedre .",""
"android","dk","3","6.4.1","Marie Louise Farsø","2025-04-03T19:04:25.763Z","","efter den nye opdatering, kan jeg ikke længere melde mit barn fra eks. træning og kamp? det er ikke længere en mulighed? hvordan kan det være?",""
"android","dk","5","6.3.2","Malik Kk","2025-04-01T13:27:10.340Z","","det er godt",""
"android","dk","3","6.2","John Lauridsen","2025-03-17T19:04:27.946Z","","Hej igen det kan den ikke på tabletten den er låst uanset hvad",""
"android","dk","2","6.2","Peter Sørensen","2025-01-19T10:12:11.966Z","","Under ens pulje stilling, trykker jeg på en modstander for at se deres kampprogram men så fryser app'en og lukker ned. Har prøvet at afinstallere og installere app'en igen 😵","nedbrud_fejl"
"android","dk","1","6.0.2","Casper Aagaard","2024-11-23T20:09:24.303Z","","Mangler at kunne havde begge mine børn registreret i app. Under min profil, har begge registreret i deres egne app. Men kan ikke samle dem under min egen app./profil er der en løsning på dette. Man kan gøre i det i den app. Der hedder Holdsport i løbet af 2 min.",""
"android","dk","1","6.0.2","T. Jørgensen","2024-11-22T14:47:11.279Z","","Det må være lavet af en abe uden logisk sans.",""
"android","dk","1","6.0.2","Peter Hald","2024-08-04T16:28:20.165Z","","Hvem er den inkompetente idiot der har lavet denne app, jeg vil opfordre til at man fjerner den tåbe. Hvilken tosse opfinder et fodbold pas man ikke kan oprette til sit barn. Få styr på jeres elendighed",""
"android","dk","5","","Oliver Juhl-Kristensen","2024-07-20T06:33:10.765Z","","Det her hjælper en del",""
"android","dk","2","5.4","Kasper Bendtsen","2024-06-07T06:52:31.821Z","","Er jeg den eneste der oplever appen bruger utrolig meget mobil data end f.eks. Facebook, som jeg bruger noget mere end Kampklar ? Jeg har prøvet at afinstallere appen. Hjælper ikke rigtig.","login_adgang"
"android","dk","5","5.4","Henrik P Pedersen","2024-05-27T14:33:19.869Z","","Spillerne er to gange på holdkortet, når jeg går i på mit kampprogram. Ellers er det en god app Henrik",""
"android","dk","4","5.4","Michael Riis Ørskou","2024-05-06T07:11:36.921Z","","Opdatering: Jeg må erkende at havde jeg læst guiden lidt grundigere første gang jeg læste den, så havde jeg fundet ud af det inden jeg anmeldte. Tak for svar, funktionen er der, jeg har derfor opdateret til 4 stjerner, og min irritation er væk :-) __________________________________________________________ Generelt en OK App, men det irriterer mig når der meldes en ny feature ud og så er den ikke med alligevel. I min udgave er det ikke muligt at gøre noget som helst med Spiller grupper i App.",""
"android","dk","1","5.4","Søren Forsberg","2024-04-28T13:26:06.867Z","","Det er simpelthen den dårligste app jeg nogensinde har prøvet. Det er umuligt at finde ud af hvordan man man som forældre tilmelder børn og finder hold til dem. Det er det omvendte af intuitivt. Det er en ommer!",""
"android","dk","3","5.3.3","Mikkel Scheufens Petersen","2024-04-01T15:07:48.827Z","","Når jeg går på favoritter og vælger mit hold kommer jeg på kampprogram og så fryser den. Har prøvet at logge ud og ind igen. Afinstallere og geninstallere.. Intet hjælper. Har været sådan en uges tid. Update 1-4-24 efter svar fra DBU. Hej Grethe Den virker som før nu. Tak for det. Jeg har ændret min ene stjerne til 3. Appen er stadig meget rodet at finde rundt i sammenlignet med den gamle. Alt for tryk før man er inde ved sit favorithold. Men tak for at rette buggen så hurtigt i helligdagene","ux_findbarhed|nedbrud_fejl"
"android","dk","4","5.3.3","Jesper Therkelsen","2024-04-01T11:07:06.668Z","","Har ikke kunne bruge app'en i flere uger. Den ""fryser"" HVER gang jeg forsøger at bruge den. Virkelig irriterende, når man som træner er blevet afhængig af app'en 👎👎👎 (Fejlen er rettet. Glimrende 👍👍👍","nedbrud_fejl"
"android","dk","1","5.3.3","Thomas Amdisen","2024-04-01T06:30:34.290Z","","Når man går ind på en klub/søger rækker så fryser den på OnePlus 6 med version 11.1.2.2. Jeg havde ingen udfordringer før I opdateret jeres app.","nedbrud_fejl"
"android","dk","1","","jakob pedersen","2024-03-30T13:02:12.234Z","","Umuligt at bruge app'en.. Skærmen fryser efter få sekunder","nedbrud_fejl"
"android","dk","1","5.3.3","Gert Nielsen","2024-03-30T12:33:18.430Z","","Hvorfor kan jeg ikke se resultaterne længere",""
"android","dk","2","5.3.3","Viggo Frederiksen","2024-03-28T17:40:12.631Z","","Hej jeg kan ikke gøre noget vis jeg går ind på en klub så går der 5 sekunder så fryser min skærm bare?","nedbrud_fejl"
"android","dk","1","5.3.3","Henning Hansen","2024-03-26T09:45:41.673Z","","Virker ikke på min Nokia 6 nu går den på sort skærme efter at have opdatere. Virkerde før hilsen Henning Hansen","nedbrud_fejl"
"android","dk","5","5.3.2","Johnny Pedersen","2024-03-13T12:03:13.897Z","","Opdatering 😊 Efter længere tid med mail's, og forsøg på at løse mit problem ser det endelig ud til at være lykkedes at finde fejlen. Allerede her dagen efter ser det 👌 ud. Ingen unormal data/plads bliver brugt. Derfor også fuld plade ⭐ Har det sidste halve år haft problemer med at min mob. hele tiden meldte at hukommelsen var fuld. Jeg har slette apps, billeder, data osv. 1-2GB så var der ro en uge og så startede det forfra. Her til aften fandt jeg synderen ""DBU Fodbold"" app'en fyldte 30,4GB","nedbrud_fejl"
"android","dk","1","5.3","Hasan Yildirim","2024-03-10T13:34:34.410Z","","På dårligt jeg kan ikke come in🗿",""
"android","dk","1","5.3","Henrik Simonsen (Cybermaze)","2024-03-09T07:09:18.965Z","","Bliver ikke logget ind med Facebook (hvorfor så tilbyde det?) - Har tjekket Facebook, tilladelsen er der, men jeg glor blot på login skærmen i app'en. Det er en ommer.","login_adgang"
"android","dk","2","5.2","Mogens Andersen","2024-02-21T16:22:24.427Z","","Som træner og forældre er denne app ikke særlig brugervenlig. Simple ting som filtrering på Kamp, Træning, møde, stævne, mv. kan man ikke, og det er overbliks-killer. Sortering på meddelelser er også en by i Ukraine, for en mail om hvem, der lige melder fra til træning (ud af 50 på holdet) betyder ingenting, men det betyder alverden ved en kamp. 50 børn med tre træninger og kampe i weekenden er over 800 beskeder om måneden. Sortering i beskeder, tak. Ugens træningsprogram ikke som beskeder","notifikationer|sprog|login_adgang"
"android","dk","2","5.2","Bo Berglund","2024-01-18T21:24:51.490Z","","Er lidt rodet og man kan ikke bruge swift keyboard i app.","ux_findbarhed"
"android","dk","2","5.1.7","Kaspar Fuglsang","2023-12-03T06:30:46.151Z","","Ærgeligt at opgavefunktionen hvor man kan byde ind med f.eks. kørsel osv. er forsvundet. Den var yderst brugbar. Tilbage med den funktion. Derfor kun 2 stjerner",""
"android","dk","4","5.1.4","Kasper Sandris","2023-10-26T15:19:46.963Z","","Meget brugbar, men for mange fejl. Crasher flere gange under livekampe og mellem skifte i menuerne.","nedbrud_fejl"
"android","dk","1","5.1.4","Søren Lauritsen","2023-10-14T06:42:50.248Z","","Før opdateringen / ny app oplevede jeg enkle udfald. Efter opdateringen virker det helt håbløst, synes ikke der går en weekend uden der er udfordringer med App'en. Det er meget skidt, når App'en er det værktøj DBU forventer vi dom træneren bruger til fx holdkort 😕","login_adgang"
"android","dk","1","5.1.2","Ellen Villadsen","2023-10-11T09:23:22.351Z","","Virkelig ringe uintuitiv app. Den er ikke blevet bedre efter opdatering vedr. layout osv.","ux_findbarhed"
"android","dk","5","5.1.2","Bob Hope","2023-10-08T19:16:48.886Z","","Fungerer fint og meget pænere rent grafisk end det var tidligere. Det eneste der kan irritere mig at man under ""Favoritter"" ikke bare lige kan fjerne hold igen. Så skal man ind og søge på holdet igen i søg hold/resultater, finde klubben og så scrolle ned og fjerne stjerne-markeringen.","ros"
"android","dk","3","5.1.2","Jakob Horne","2023-10-07T11:36:39.739Z","","Fantastisk app. Jeg oplever dog at træneren bruger alt for meget tid på, ikke at bryde reglerne, når han til næste kamp skal bruge spilleberettigede spillere.  Når holdkortene er udfyldt med korrekte navne, kunne det være en stor hjælp, hvis der var en farve, som indikerede hvis den enkelte ikke var spilleberettiget til næste kamp, i det tilfælde at spilleren skal spille på et andet hold i klubben. Det er især et problem med det korrekte antal af nedrykkede spillere fra et højere niveau.","login_adgang|ros"
"android","dk","2","5.1","Carsten Just von Thun","2023-09-07T12:19:04.577Z","","App'en bruger/gemmer utroligt meget data på min telefon. Pt er forbruget: App = 68 MB (OK) Data = 14,12 GB (What??) Hvordan kan det være?","login_adgang"
"android","dk","4","5.1","Anne Sofie bkqqfqvuj7m6yluyteRasmussen","2023-09-06T12:07:50.974Z","","Rigtig god app, nem at bruge. Jeg er dog lidt i tvivl hvordan jeg får to profiler oprettet? Begge mine børn går til fodbold, men jeg kan simpelthen ikke finde ud af, hvordan jeg får en ekstra profil på?","ros"
"android","dk","1","5.1","Jens Christiansen","2023-09-05T20:10:31.815Z","","Efter få dages brug fylder app helt vildt på telefons lager. Så sletter vi data og telefon virker nogle dage igen.",""
"android","dk","1","5.1","Niklas Persson","2023-09-02T18:11:14.910Z","","Stopper konstant. Har geninstallerer mange gange. Kan ikke finde fejlen.","ux_findbarhed|nedbrud_fejl"
"android","dk","4","5.1","Bianca Clarke","2023-09-01T12:42:40.558Z","","Det er en udmærket app. Men jeg savner at min søn kan ha sit eget login med eget mobil nr. Nu kan han både lave om på profilen og det hele. Mangler en hvor barnet bare kan se hvem, hvad, hvor der spilles eller det er aflyst","login_adgang"
"android","dk","1","5.0.11","Carl-Ove Bukhave","2023-08-19T11:59:59.842Z","","kan ikke find og følge evt vejledning. fået meddelelse om ny i serien 3 senior fyn. Har først nu fundet ud af kampen evt. er aflyst pga ude ikke kan stille hold. og når man bruger livescoor bliver man usikker . og nu kan jeg ikke se hvad jeg skriver.","login_adgang"
"android","dk","2","5.0.11","Jesper Sjögren Jesper","2023-08-11T16:39:25.218Z","","Efter opdatering kan man ikke tilmelde sig mere til kampe osv det er en ommer det virker ikke som jeres it ha tænkt det godt nok igennem","nedbrud_fejl"
"android","dk","2","5.0.11","Ulrich Berggren Jensen","2023-07-27T08:10:17.305Z","","Ustabil app som ""fryser"" hver gang man ville læse sin indpakke? Ellers en app med mange muligheder","nedbrud_fejl"
"android","dk","1","5.0.11","Linda E. Løvendahl Johansen","2023-07-18T13:05:14.370Z","","Træt af at jeg ikke kan få lov til at oprette en profil, bliver sendt tilbage til login hver gang, har nu tastet min mailadresse 5 gange.","login_adgang"
"android","dk","1","5.0.11","Nils Anders Krøyer","2023-07-02T10:44:53.779Z","","Jeg kan ikke se mine holds stillinger længere. Den er I øvrigt ikke særlig intuitiv.",""
"android","dk","3","5.0.9","Jimmy Glatter","2023-06-18T11:56:46.716Z","","Appen bliver ved at sige at min app ikke er opdateret. Den er opdateret til nyeste version. Der er også prøvet at afinstallere og geninstallere. Intet hjælper.",""
"android","dk","2","5.0.9","Marina Pedersen","2023-06-17T17:32:49.252Z","","Den beder om opdatering men det virker ikke","nedbrud_fejl"
"android","dk","4","5.0.9","Tommy Jørgsensen","2023-06-17T08:20:45.378Z","","Cool App c"",)",""
"android","dk","2","5.0.9","Louise Egedal Petersen","2023-06-17T07:39:21.309Z","","Lukker hele tiden",""
"android","dk","1","5.0.9","Jan Erik Helweg-Mikkelsen","2023-06-17T07:36:30.459Z","","Er træt af opdateringer som ikke vil opdatere",""
"android","dk","3","5.0.8","L J","2023-06-14T16:11:45.698Z","","Kan appen bruges til at ""gemme eller opbevare"" billetter til DBUs fodboldkampe som man har købt?",""
"android","dk","4","5.0.6","En Google-bruger","2023-05-13T18:51:09.150Z","","Fungerer igen",""
"android","dk","1","5.0.6","Flemming Travn Rasmussen","2023-05-12T04:33:56.388Z","","Den nye app er nede meget af tiden, og layout mindre logisk end den gamle. Jeg er desværre ikke imponeret.","ux_findbarhed"
"android","dk","2","5.0.6","Martin Kristensen","2023-05-06T21:16:41.590Z","","Meget uoverskuelig, desværre en utrolig dårlig opdatering fra den gamle version","ux_findbarhed"
"android","dk","2","5.0.5","casper nancke","2023-05-01T20:58:32.576Z","","Absurd så ringe den app er blevet.. den er forvirrende. Ikke et direkte link til oprettelse af begivenhed. Den er rodet og slet ikke overskuelig. En kæmpe ommer. Nogen ting fungere fint. Derfor Får den ikke kun en stjerne.","ux_findbarhed"
"android","dk","2","5.0.5","Tobias Birkemark Tångberg","2023-04-30T16:10:17.746Z","","Er underligt blevet merkant dårligere for brugere da de informationer som man gerne vil have i et overskueligt layout er blevet mikset med den kommercielle del. Er blevet en meget stor reklame for OK og DBU.","ux_findbarhed|login_adgang"
"android","dk","4","5.0.5","Rune Bengtsson","2023-04-29T06:12:05.585Z","","Den nye version fungerer fint. Det var rart 😀","ros"
"android","dk","2","5.0.4","Tanja Madsen","2023-04-26T06:10:02.381Z","","Jeg havde virkelig håbet at jeg kunne styre meget mere selv efter ny app. 1) Jeg er tilknyttet et hold jeg aldrig har været spiller på. Ingen ved hvorfor jeg er der eller hvordan jeg kommer af holdet.. 2) Jeg kan ikke styre mine notifikationer på appen Hver gang en spiller ændrer status (til/framelder sig) på en aktivitet får jeg en besked på appen. Det resulterer i ca 20-30 beskeder ugentligt foruden ægte beskeder. 3) Jeg får ikke notifikationer på trods af rette indstillinger på app og tlf.","notifikationer"
"android","dk","1","5.0.4","Simone Christiansen","2023-04-25T20:43:20.162Z","","Appen bliver ved med at lukke ned.",""
"android","dk","1","5.0.4","K A","2023-04-23T15:14:46.887Z","","Det må seriøst være en ommer! Hold da helt op, hvor er app'en blevet dårlig efter den er lavet om! Vil virkelig håbe, at den bliver lavet om igen, så det kan bliver nemt og overskueligt igen.. Ret ubrugelig som den er blevet lavet om til nu!",""
"android","dk","2","","Thomas Nørgaard","2023-04-22T13:09:40.233Z","","Umiddelbart ikke lige så intuitiv som den tidligere udgave og oftest får man en fejl ved til/framelding - selvom knapperne er aktive.","nedbrud_fejl"
"android","dk","1","5.0.3","Jørgen Michaelsen","2023-04-20T12:32:54.452Z","","Det nye design er umuligt at finde rundy i og det er ingen sammenhæng i hvordan det er sat op","ux_findbarhed"
"android","dk","1","5.0.1","Marlene Holck Rasmussen","2023-04-12T14:50:58.363Z","","Går i sort når man åbner appen efter opdatering 😏",""
"android","dk","1","5.0.1","Ole Nielsen","2023-04-12T11:38:06.918Z","","Har svært ved at forstå man skal lave noget om der virker. Fair nok og gøre det bedre men hvorfor ændre design osv.??? Jeg kan ikke søge på navne eller andet når jeg forsøger at tilføje spillere til holdkort. Får bare besked på: ""ingen spillere at vise med de valgte søgekreterier"" og det er lige meget hvad jeg søger på årgang, hold, afdeling eller navn. Rimelig træls hvis man skal til en computer hver gang for at sætte hold men det må jeg jo gøre denne gang.","ux_findbarhed|notifikationer"
"android","dk","4","5.0.1","Palle Andersen","2023-04-12T09:29:37.306Z","","Hvor kunne det altså være fedt, hvis man kunne se stats tilbage i tiden, altså historik! I må have dataen et sted",""
"android","dk","1","","Bjarne Petersen","2023-04-11T17:29:32.257Z","","Efter opdateringen af app'en. Så lukker min telefon ned og går i stå inden den så efter 4 min igen køre. Og det samme sker bare igen når jeg trykker på app'en igen 😥",""
"android","dk","5","","Boxer Cup Hildebrandt","2023-04-09T15:49:46.228Z","","Virker",""
"android","dk","3","3.29.1","Kenneth Johansen","2023-03-23T20:05:06.928Z","","Må desværre sige at der for store mangler i kampklar, hvis det skal være brugbart. Jeg har sat min op så jeg kun modtager beskeder, der er tilknyttet en kommentar til. Så får jeg godt nok også kun disse popup beskeder, men indbakken er stadig fuldt med alt mulig andet, så det er umuligt at vende tilbage til en besked. Desuden savner jeg også at hvis man har klarmeldt sig til flere hold i en spillerunde, så bliver man automatisk fjernet fra de andre kampe i samme runde.","notifikationer"
"android","dk","1","3.29.1","Christina Suadicani","2023-03-21T14:58:30.267Z","","Jeg er kommet ind på app'en, men jeg kan ikke se min søns kampkalender og skrive beskeder til træner osv. Ved ikke rigtig hvordan jeg får ordnet det?","notifikationer"
"android","dk","3","3.29.1","Brian Probst","2023-02-26T20:48:33.972Z","","Er det muligt at når fx ens barn er udtaget til kamp (tilmeldt til kamp /træning) at trykke et sted så den ligger sig ind i sin Google kalender? (Det kan lade sig gøre mange andre steder i andre apps nemlig).",""
"android","dk","2","3.29.1","Karina","2022-12-30T11:27:25.166Z","","Savner at der kommer et ikon op, når der er nye beskeder i app'en.... Alle mine notifikationer er slået til - både i tlf og app... Men alligevel får jeg ikke notifikationer...","notifikationer"
"android","dk","1","","Jan Sand","2022-11-15T14:12:25.820Z","","Har 4 mailadresser. Den vil ikke godtage en eneste af dem som værende gyldig mailadresser. 2 Gmail konti 1 Yahoo konti og en teledk konto. Skod app",""
"android","dk","4","3.28.5","Casper Pedersen","2022-09-28T18:12:30.403Z","","Rigtig god app som løser rigtig mange problemstillinger. Et minus er dog, at det ikke er muligt at sortere status ændringer fra i beskedcentret/indbakken i app'en. Jeg skal ugenligt slette 100-200 beskeder. Det er lidt ligegyldig information, da jo netop fremgår af kampklar, hvem der kommer eller ikke kommer.","notifikationer|ros"
"android","dk","1","3.28.5","dennis larsen","2022-09-15T09:04:16.883Z","","Få nu lavet den app så den ikke går ud konstant.... nu har i haft lang tid til det og kan se masser der har samme problem... tak for svar. men kan fortælle det er med bpde denne ældre og også 2 nye den er gal med.. skrev keg også i andet kommentar... og vi er flere i vores klub der har problemer med jeres app.",""
"android","dk","5","3.28.5","Mads Nissen","2022-08-25T15:49:00.626Z","","Fedt at kunne holde styr på kampe/træning og andre aktiviteter",""
"android","dk","5","3.28.5","Brian Vejgaard","2022-08-24T06:57:16.337Z","","Super kanon godt",""
"android","dk","1","3.28.5","Tukan Latifi","2022-08-11T22:19:00.652Z","","Er gået i stå, ved ikke om der er fejl eller om sæsonen ikke er startet ???","nedbrud_fejl"
"android","dk","5","3.28.5","Jacob Jørgensen","2022-07-06T13:49:07.875Z","","Godt",""
"android","dk","1","3.28.4","Kenneth Colding","2022-06-19T11:38:44.497Z","","Den er gal med live opdateringer samt notifikationer fra samtlige beskeder fra Kampklar i hvert fald med Samsung s21 og S22 På begge telefoner kommer der ingen notifikationer, live opdateringer er alle slået til, men der kommer ingen Alt er slået til men intet sker","notifikationer"
"android","dk","5","3.28.4","Patrick Sørensen","2022-06-09T05:03:41.909Z","","Den god",""
"android","dk","5","3.28.4","Tina Persson","2022-06-06T18:04:46.456Z","","Fungerer bare så godt 👍⚽",""
"android","dk","1","3.28.4","P. J.","2022-05-21T17:23:56.362Z","","Hvordan kan en organisation som DBU med så mange midler ikke udvikle en nem og gratis app uden annoncer er mig en gåde. Billederne som er brugt, bruger venligheden er sket ikke hvor den skal være. Læs dog de reviews i får her og lav noget ordentligt som alle så vil bruge. Derefter kan i så bygge på af funktioner, det virker som noget lastværk man har fået lavet. Undskyld mit opkast, men når jeg tænker DBU, ser er dette under al kritik!","login_adgang"
"android","dk","1","3.19.3","En Google-bruger","2022-05-14T14:48:14.835Z","","Man bruger mere tid på at se den loader, og ender i hvid skærm. End på at få de informationer man skal bruge. Der kommer ingen notifikationer på OnePlus 9 Android 12, selvom de er valgt til både i appen og android. Virkede fint inden opdateringen til android 12.","nedbrud_fejl|notifikationer|login_adgang"
"android","dk","1","3.28.4","Louie miles","2022-04-27T18:04:25.750Z","","Lorte app jeg kan måske lige få lov at trykke to gange på appen og så står den bare og søger og det er sket at jeg opdateret den den er jo total nytteløs",""
"android","dk","1","3.28.4","Brian Asmussen","2022-04-26T21:29:38.491Z","","Få nu fixet denne app. Den er som andre skriver. Den stå bare og søger og fryser. I påstå intet er galt. Men det er der.","nedbrud_fejl"
"android","dk","1","3.28.4","Tommy Knudsen","2022-04-26T10:55:25.191Z","","Alt er langsomt og den står konstant og søger. Kamp programmet forsvinder og man kan ikke tilmelde til begivenhederne","nedbrud_fejl"
"android","dk","5","","Family Elden","2022-04-25T13:14:35.162Z","","Er det den her app man bruger til at tilmelde sig til fodbold?","login_adgang"
"android","dk","1","3.28.4","Vedatdul Dul","2022-04-24T14:30:00.900Z","","Duer ikke 0 stjerner herfra",""
"android","dk","2","3.28.4","Martin Schmidt","2022-04-24T08:28:10.507Z","","Perfekt app var det inden opdatering nu står den og søger hele tiden eller fryser helt... så appen er langt fra brugbar for mig lige nu og det øv når man skal lave holdkort osv","nedbrud_fejl"
"android","dk","2","3.28.4","Mikael Sigaard","2022-04-22T12:53:34.435Z","","Er jeg mon den eneste der ikke kan bruge app'en til holdkort mm????",""
"android","dk","4","3.28.4","Michael Ruch Svendsen","2022-04-22T11:53:17.635Z","","Super duper",""
"android","dk","2","3.28.1","Thomas Trudsø Poulsen","2022-04-21T17:09:33.134Z","","Dur ikke igen",""
"android","dk","2","3.28.4","Thomas Wolfram","2022-04-21T14:36:57.992Z","","Oplever samme problemer som Rene, har opdateret, aginstalleret appen, opdateret telefonen samsung og haft den slukket. Den står bare og søger og så fryser den, så man skal lukke ned. Nogen gange skriver den ingen data i en pop-up. Det er kampklar, mine hold og holdkort jeg ikke kan tilgå ordentligt I browser fra telefonen virker det fint.","nedbrud_fejl"
"android","dk","3","3.28.4","Rene Sandberg","2022-04-21T07:33:07.700Z","","Den står og søger hele tiden og kommer ikke frem med stilling, hold eller andet. Så fungere ikke så godt i øjeblikket 🤷🏻‍♂️",""
"android","dk","1","3.28.3","carl hansen","2022-04-17T18:40:57.964Z","","Hvad sker der for denne app, Den viser kampene på en meget mærkelig måde, er meget træt af denne app, skal gang på gang, gen installere",""
"android","dk","5","3.28.2","Charlotte Korfits Olsen","2022-04-15T12:21:37.811Z","","Resultater og tidspunkter er væk ?? Og jeg skal ikke opdatere ??",""
"android","dk","2","3.28.2","Rasmus Bjørn","2022-04-15T08:19:15.670Z","","Efter seneste opdatering, er resultater forsvundet. De kommer kun frem, hvis jeg trykker ind på hver enkelte kamp?",""
"android","dk","2","3.28.1","Poul Tønder","2022-04-06T21:53:54.830Z","","Jeg kan stadig ikke tilgå Google maps via app'en sådan som jeg kunne i tidligere versioner. Hvornår bliver det rettet?",""
"android","dk","5","3.28.1","Murat balikci","2022-04-06T18:49:09.479Z","","Ved i hvordan jeg kan aktivere mine Stats",""
"android","dk","2","3.28.1","RA Assad","2022-01-31T17:06:08.230Z","","Google maps virker ikke på appen når man søger efter GPS viser ikke,men får besked om Google maps ikke er installeret eller er disabled","nedbrud_fejl|notifikationer"
"android","dk","3","3.28.1","Jeppe Dyrby","2022-01-30T07:19:04.000Z","","På en eller anden måde har i fået slået alt stavekontrol, og tekstombrydning fra i kommentarfeltet på kampklar. Det er ret frustrerende.",""
"android","dk","5","3.28","Marcus Jensen","2021-10-31T15:15:49.827Z","","Det er frækt",""
"android","dk","5","3.28","Morten Andersen","2021-10-24T08:00:29.377Z","","Jeg mangler en hurtig genvej til ""min klub"", hvor man får overblik over alle holdene i den klub man er indmeldt i. Den kan selvfølgelig tilgåes ved en søgning, men en hurtig adgang på forsiden ville være en lækker opdatering.","login_adgang"
"android","dk","2","","Esrom Anine","2021-10-17T06:47:47.135Z","","Jeg kan ikke komme ind på den",""
"android","dk","4","3.28","peter molbo","2021-10-05T13:31:37.989Z","","God app, men mangler at kunne skifte mellem forskellige brugere inde i app. Nu er vi 3 der spiller fodbold i husstanden og man skal logge ud og ind hver gang man skal kigge.","login_adgang"
"android","dk","1","3.27.2","Christina Friis","2021-09-07T12:18:39.548Z","","UPDATE 07.09.21 Ny telefon - nu får jeg ikke længere ikon fra appen (jo på den gamle kommer den) Forstår ikke hvad der går galt for får dem ikke på den nye😏 Får pludselig ikke længere notifikationer (lille ikon øverst på skærmen) når der er nye beskeder. Det gør at man ikke altid ser det og det gør at man kan 'glemme' at komme til et stævne - ikke særlig fedt. Så håber at det snart kommer til at fungere igen så man får besked så snart der er noget nyt Og jeg har slået alle notifikationer til!","notifikationer"
"android","dk","4","3.27.2","Peter Bach","2021-08-31T17:56:04.216Z","","God bedre bedst",""
"android","dk","5","3.27.2","Carsten Heiden Pedersen","2021-08-30T14:16:29.321Z","","Jeg synes at app'en er blevet rigtig god..","ros"
"android","dk","4","3.27.1","Brian Levi Clemmensen","2021-08-20T12:30:09.915Z","","Hej Igen. Det kan da ikke være meningen jeg skal gen installere min tlf?? Det jo jeres app som ikke fungere. Hvorfor kan jeg ikke se 1 pladser i puljerne mere ? Virkede for 4 dage siden. Har gen installeret den. Samme problem.",""
"android","dk","4","3.26.1","Henrik Ernstsen","2021-06-24T19:03:25.255Z","","Fint",""
"android","dk","5","3.9","Henrik Boesgaard","2021-06-06T12:14:12.158Z","","Kanon godt",""
"android","dk","5","3.26","Per Engelund","2021-05-28T07:43:33.854Z","","Super app med alt du skal bruge","ros"
"android","dk","2","3.25.2","Britt Mears Petersen","2021-04-30T17:59:09.131Z","","Kan ikke få officials på hold kortet. Fanen findes ikke.",""
"android","dk","2","3.25.2","Ulrik Nikolajsen","2021-04-24T16:27:16.380Z","","Rodet, ustrukturet.","ux_findbarhed"
"android","dk","3","3.25.2","René H","2021-04-20T20:10:32.814Z","","Ved tilmelding til træninger m.m.: I oversigten over træninger, kampe m.m. bør man allerede i oversigten kunne tilmelde sig aktiviteten ved en enkelt 'knap' på hver træning, kamp m.m. uden at man skal til at gå ind på hver aktivitet og der skulle trykke yderligere 2 gange for at blive tilmeldt.",""
"android","dk","3","3.25.1","Simon","2021-04-15T11:04:14.561Z","","Fed app, dog mangler kampklar delen nogen finpudsning. Hver gang jeg prøver at gå ind på kampklar så siger app'en at dataen ikke kan hentes. _______ Jeg har ikke længere problemer med at komme på kampklar",""
"android","dk","5","3.25","Walid Mohammd Amin Haji","2021-03-23T02:00:21.219Z","","Ok",""
"android","dk","1","3.25","Jørn Gudmann Nielsen","2021-03-12T16:41:45.992Z","","Fungerer ikke sammen med min nye samsung s21","nedbrud_fejl"
"android","dk","5","","solomun habtom","2021-02-27T08:42:04.360Z","","Jeg synes den her app er fantastisk app. 😀 Men jeg har ikke fået mint holdkort endnu. Mvh Solomun","ros"
"android","dk","1","","Johannes Holmegaard","2020-11-28T10:43:39.884Z","","Jeg skulle bruge 10 min på, at logge ind, også da jeg loggede ind skulle jeg logge ind igen og igen og igen og igen igen og igen og igen og igen","login_adgang"
"android","dk","3","3.21","Michael Svenningsen","2020-10-03T04:44:46.638Z","","Mangler noget i min app. Jeg kan ikke redigere i kampfakta, når jeg forsøger bliver skærmen lidt grålig ????",""
"android","dk","1","3.21","Claus Anker","2020-09-28T16:43:06.842Z","","Er det her en beta version? Efter at have nulstillet adgangskoden utallige gange, får je stadig afvist mit login! /Claus","login_adgang"
"android","dk","1","3.20.3","Amel Saric","2020-09-09T10:39:57.972Z","","Meget dårligt app",""
"android","dk","1","3.20.3","Thomas Hildebrand Christiansen","2020-09-02T15:40:54.420Z","","Jeg bliver logget ud flere gange om dagen. Og først efter 15-20 forsøg accepteres brugernavn og password. Fix det for fanden!!!","login_adgang"
"android","dk","3","3.20.2","Veysel Uslu","2020-09-01T06:55:39.470Z","","Det er ærgeligt når man sidder på tablet at man ikke kan dreje skærmen så man kan få den på det lange led :(",""
"android","dk","2","3.20","Morten Brix (Ducky)","2020-08-31T01:21:54.820Z","","Oplever stort set hver eneste gang app'en benyttes Fejlmeddelelsen ""Fodbold er stoppet"" hvorefter app'en skal genstartes. Rimeligt irriterende under Live indberetning! 😡","nedbrud_fejl"
"android","dk","1","3.20.2","Henrik Dennis Sällberg","2020-08-29T21:11:58.919Z","","Jeg bliver ved med at blive logget ud og kan ikke logge ind igen... Jeg jeg har ændret kodet mange gange og det samme sker hele tiden...","login_adgang"
"android","dk","2","3.20.1","Thomas Lindboe","2020-08-26T13:53:19.760Z","","Efter opdatering til ny version bliver jeg logge af hele tiden og kan først logge ind igen efter et stykke tid (melder forkert password)","login_adgang"
"android","dk","1","3.20.1","Hen K","2020-08-24T16:19:37.497Z","","Har indtil for et par dage siden fungeret upåklageligt. Nu er den dog begyndt at logge mig ud hele tiden...",""
"android","dk","1","3.20.1","Mikkel Brandt","2020-08-24T08:47:52.977Z","","Ustabil ""crasher"" ofte, selvom man markere at man skal forblive logget på så skal man logge ind igen.","nedbrud_fejl|login_adgang"
"android","dk","1","3.20.1","Anders Skjøde Højberg","2020-08-20T16:13:06.414Z","","Har lige oprettet en profil og man kan ikke logge ind efterfølgende selvom kode og brugernavn er korrekt.","login_adgang"
"android","dk","3","3.20","En Google-bruger","2020-08-13T10:51:26.118Z","","Altid problemer med at indrapporterer et resultat......",""
"android","dk","3","3.20","Jacob Laursen","2020-08-10T16:29:10.390Z","","Tak for svar vedr. adgang til videoer, billeder osv. på telefonen. Jeg vil anbefale at I beder om adgangen i det øjeblik der er brug for den, samt med forklaring om hvorfor.","login_adgang"
"android","dk","4","3.19","En Google-bruger","2020-03-08T17:57:09.748Z","","God og overskuelig",""
"android","dk","1","3.18.4","En Google-bruger","2020-02-26T02:40:58.634Z","","App'en logger mig uden grund, prøver at ændre PW, bliver godkendt men skriver at brugernavn og PW ikke passer sammen. Kan ikke bruge app'en, heller ikke jeres hjemmeside. 🥵","login_adgang"
"android","dk","2","","En Google-bruger","2020-02-20T06:38:03.294Z","","Jeg kan ikke logge ind på appen, selv om jeg skriver det RIGTIGE eller laver et nyt ""log ind"":/","login_adgang"
"android","dk","5","3.18.4","En Google-bruger","2020-01-22T21:03:55.130Z","","Super",""
"android","dk","3","3.18.4","En Google-bruger","2020-01-09T16:36:57.466Z","","Ok app, men temmelig omfattende og rodet opbygget","ux_findbarhed"
"android","dk","5","3.18.1","En Google-bruger","2019-12-16T13:40:42.159Z","","Verdensklasse App🎅🎅🎅🎅🎅",""
"android","dk","5","3.17","En Google-bruger","2019-11-11T15:08:39.655Z","","God app.",""
"android","dk","5","","En Google-bruger","2019-11-02T14:03:05.736Z","","Mega God app",""
"android","dk","4","3.17","En Google-bruger","2019-11-02T11:23:04.112Z","","Efter opdatering d. 28. aug. lukker Appen altid igen, når den åbnes. Tilbydes at sende fejlrapport. Ved genstart af Appen åbner den fint nok. Men når jeg forsøger at scrolle ned i kampprogrammet for Mine Hold så kommer der ""hvid skærm"" og Appen lukker. Appen har fungeret fint hidtil. I England siger de: ""Don't fix it if it isn't broken."". Nu skal I vist se på den. 2. nov. 2019: Kan se det er rettet. Super","nedbrud_fejl"
"android","dk","2","3.17","En Google-bruger","2019-10-31T20:42:24.325Z","","Ikke så funktionel beskedfunktion","notifikationer"
"android","dk","2","3.16.1","En Google-bruger","2019-10-29T03:44:32.402Z","","Generelt set har jeg været glad ved denne app. Jeg oplever desværre nu, at jeg ikke får noget frem, når jeg prøver at tilegne mig adgang, til fodboldloven samt futsalloven. Data kunne ikke læses står der. Har forsøgt at slette app'en, slukke telefonen m.m. så det er lidt en udfordring, nu hvor jeg er dommer m.m.","login_adgang"
"android","dk","5","3.16.1","En Google-bruger","2019-10-19T03:03:11.756Z","","Hej derude Er der nogen som ved hvad det er for nogen system opdateringer dbu app'en hele tiden siger. Den logger hele tiden ud pga nogen systemopdaterninger.. Er der nogen som kan hjælpe mig med det?? Mvh Christian lundgaard",""
"android","dk","2","3.16.1","En Google-bruger","2019-10-02T19:12:11.363Z","","App'en er som sådan ok. Men hvor er der irriterende at have flere børn og skal logge ud og ind hele tiden, for at følge op på begge. Det skulle simpelthen være muligt at logge ind som forældre også skifte mellem dem","login_adgang"
"android","dk","5","3.16","En Google-bruger","2019-09-20T16:21:37.872Z","","Ok",""
"android","dk","1","3.16","En Google-bruger","2019-09-13T18:31:22.263Z","","Mega ringe app, hvor der er slet ikke tænkt på brugere. Der er masser af information placeret helt tilfeldigt. Når man er selv spiller og skal administrere sine egne børn også får man lyst til at holde op med at spille fodbold og melde børnerne også fra. Det kan kun gøres bedre.","login_adgang"
"android","dk","1","3.15.2","En Google-bruger","2019-09-06T17:55:01.942Z","","Fyldt med fejl efter den er opdateret Huawei p smart fig-lx1 Den craser når man åbner app men starter derefter. Der er flere ting man ikke kan se når man trykker på div link da den så genstarter app","nedbrud_fejl"
"android","dk","3","3.15.2","En Google-bruger","2019-08-31T20:15:54.439Z","","Virker dårligt!!",""
"android","dk","5","3.15.1","En Google-bruger","2019-08-29T17:12:16.211Z","","Den bedste app nogensinde lel",""
"android","dk","3","3.15.2","En Google-bruger","2019-08-29T11:54:33.295Z","","Jeg synes app'en er fremragende. Dog er kampklar delen efter de seneste par opdateringer, blevet meget langsom og man skal trykke en del gange på aktiviteten for at den vil åbne. Derfor lander vi på kun 3 stjerner, selvom jeg meget gerne ville give mere. Mvh Claus","nedbrud_fejl"
"android","dk","4","3.15.2","En Google-bruger","2019-08-29T10:04:49.288Z","","Lige pt er der problemer med at se kampprogram for mine hold ser ud til at DBU AAP er gået på juleferie☺ derud over er der også lige et par småting mere der ikke køre....så er den oppe og køre igen",""
"android","dk","4","3.14.1","En Google-bruger","2019-08-07T15:27:05.602Z","","den hjælper mig",""
"android","dk","5","3.14.1","En Google-bruger","2019-08-06T10:29:19.655Z","","Nem app",""
"android","dk","1","3.14.1","En Google-bruger","2019-07-27T09:05:03.809Z","","Kalender duer ikke med Huawei.",""
"android","dk","5","","En Google-bruger","2019-07-21T17:38:33.545Z","","god",""
"android","dk","3","3.7.1","En Google-bruger","2019-07-06T20:15:05.959Z","","Synes det er træls at ulæste beskeder om at nu kan du udfylde holdskema ikke forsvinder når kampen er spillet. Bruger aldrig de beskeder, så derfor træls at skulle ind og åbne og slette dem, for ikke at skulle se på den røde notifikation hvor tallet ellers bare stiger og stiger.","notifikationer|login_adgang"
"android","dk","3","3.14","En Google-bruger","2019-06-12T18:21:19.318Z","","Normalt meget glad for denne app men den fungerer ikke efter sidste opdatering? ""Vis Pulje"" er pludseligt bare en blank side? Jeg har forsøgt at af- og geninstallere uden held?","nedbrud_fejl"
"android","dk","1","3.2.1","En Google-bruger","2019-06-12T13:01:15.255Z","","Den nye version kan ikke gå i puljer når man er inde i kampprogram, og melder fejl mange gange","nedbrud_fejl"
"android","dk","3","3.13.1","En Google-bruger","2019-05-24T03:51:05.650Z","","Den går ned hele tiden","nedbrud_fejl"
"android","dk","5","3.13.1","En Google-bruger","2019-05-17T08:28:16.995Z","","Den meget fint",""
"android","dk","2","3.12.2","En Google-bruger","2019-04-27T18:55:37.310Z","","Elendig dbu kampoversigt",""
"android","dk","2","3.12.2","En Google-bruger","2019-04-27T11:05:04.949Z","","Der er alt for mange funktioner, der ender i fejlbeskeder. En del funktioner virker simpelthen bare ikke. Eksempelvis kan jeg ikke vælge kampens spiller. Jeg får ikke en fejl, der sker bare ikke noget. På min laptop virker det ok. Det er også sindssygt irriterende, at man skal trykke så mange gange for at finde frem til den funktion, man skal bruge. Dertil kommer at appen er utrolig langsom til at hente oplysningerne frem.","nedbrud_fejl|notifikationer"
"android","dk","5","","En Google-bruger","2019-04-07T16:36:50.900Z","","Fantastisk app! 👍","ros"
"android","dk","3","3.12.2","En Google-bruger","2019-04-06T13:36:02.684Z","","bliver det på et tidspunkt muligt at få kampene man følger, delt til ens kalender ?",""
"android","dk","5","3.12.2","En Google-bruger","2019-04-04T12:10:45.855Z","","dejlig nem at finde rundt i og man har styr på hvad datteren skal. så slipper man som træner for at sende 1000 sms","ros"
"android","dk","5","3.12.2","En Google-bruger","2019-04-03T12:36:20.925Z","","rigtig god , oversigten er god nem at komme rundt i.","ros"
"android","dk","4","3.12.1","En Google-bruger","2019-04-02T17:56:28.109Z","","fungere fint",""
"android","dk","2","3.12.1","En Google-bruger","2019-03-30T05:37:25.303Z","","Utrolig irriterende at man ikke får push beskeder igennem ved ændring eller beskeder i Kampsport selvom alle notifikationer slået til. Ærgerligt at jeg ikke har et andet valg.","notifikationer"
"android","dk","1","3.12.1","En Google-bruger","2019-03-28T16:50:42.375Z","","Fungerer Ikke. Kan i tide og utide ikke log ind.","nedbrud_fejl|login_adgang"
"android","dk","1","3.12.1","En Google-bruger","2019-03-28T15:43:19.425Z","","holdsport har bedre funktion omkring kørsel og opgaver",""
"android","dk","2","3.8.1","En Google-bruger","2019-03-22T23:14:27.106Z","","Næsten hver gang jeg skal bruge app'en, så er jeg nød til at afinstallere den og så hente den igen, ellers kan jeg ikke se mine hold eller lave holdkort, kampfakta eller noget som helst andet. Ved ikke, hvad I har lavet om, for den fungerede fint i efterårssæsonen 2018. Få det venligst ordnet.",""
"android","dk","4","3.10.3","En Google-bruger","2019-03-09T07:11:57.799Z","","Virker ikke","nedbrud_fejl"
"android","dk","5","3.10.2","En Google-bruger","2019-03-05T15:40:31.107Z","","lol, god app",""
"android","dk","3","3.10.2","En Google-bruger","2019-02-11T12:05:17.182Z","","mangler at få notifikation når der kommer noget i indbakken. temnelig træls at det ikk fungere","notifikationer"
"android","dk","5","","En Google-bruger","2019-02-06T20:05:06.472Z","","Jeg er iskold",""
"android","dk","4","3.9","En Google-bruger","2018-11-24T09:55:09.182Z","","Jeg kan ikke få push beskeder for kampklar til at virke. De er tilvalget under besked centeret og der er tilladelse til dem på telefonen, men de kommer ikke igennem?","notifikationer"
"android","dk","1","3.6.1","En Google-bruger","2018-11-23T22:07:00.669Z","","Lorte app",""
"android","dk","3","3.8.5","En Google-bruger","2018-11-04T15:57:36.200Z","","Den har længe virket fint, men jeg er blevet smidt af app'en og når jeg logger ind igen, beder den om billedesamtykke - dog er der bare hvid skærm og jeg kan intet trykke på. Virkelig frustrerende!!",""
"android","dk","4","3.8.4","En Google-bruger","2018-10-25T19:03:00.415Z","","Funktionen kampprogram under mine hold er holdt op med at fungere",""
"android","dk","2","3.8.2","En Google-bruger","2018-10-12T07:46:20.325Z","","Kan ikke finde spillesteder, den kommer op med hvid skærm","ux_findbarhed"
"android","dk","1","3.7.2","En Google-bruger","2018-09-30T04:53:37.610Z","","Kan ikke åbne den, har ikke kunne i små 14 dage....",""
"android","dk","3","3.8","En Google-bruger","2018-09-27T16:02:33.415Z","","Den vil ikke åbne spille sted",""
"android","dk","3","3.8","En Google-bruger","2018-09-25T17:01:40.113Z","","Crasher ofte. Kan ikke se stilling. Mangler mulighed for at trykke sig ind på andre hold I en pulje, for at se deres kampe. Fryser ofte, bliver ved med at stå og søge. ""Indberet resultat"" har aldrig virket endnu. Ellers på rette vej.","nedbrud_fejl"
"android","dk","5","3.8","En Google-bruger","2018-09-24T15:47:27.679Z","","God",""
"android","dk","2","3.7.2","En Google-bruger","2018-09-19T19:19:06.326Z","","Kan ikke indberette kampfakta",""
"android","dk","5","3.7.2","En Google-bruger","2018-09-14T18:22:25.149Z","","jeg ligger nr.7😁",""
"android","dk","2","3.7.2","En Google-bruger","2018-09-13T07:35:21.438Z","","Hvorfor skal man have et login bare for at kunne gemme et hold som en favorit? Og hvorfor kan man ikke se tidligere kampe i puljen?","login_adgang"
"android","dk","2","3.7.2","En Google-bruger","2018-09-12T20:34:00.410Z","","Jeg kan aldrig åbne denne app første gang. Den chrasher hver eneste gang.",""
"android","dk","5","","En Google-bruger","2018-09-09T13:36:32.189Z","","De er godt",""
"android","dk","5","3.7.2","En Google-bruger","2018-09-07T06:55:32.717Z","","Siden seneste opdatering kan jeg efter at være blevet smidt af ikke logge på app'en igen. Dette er temmelig frustrerende, da det er det eneste sted vi kan se kampprogrammet",""
"android","dk","5","3.0.2","En Google-bruger","2018-09-05T19:51:16.410Z","","God app",""
"android","dk","5","3.7.2","En Google-bruger","2018-09-03T13:27:42.780Z","","Det er en god app",""
"android","dk","1","3.7.2","En Google-bruger","2018-08-27T18:57:17.458Z","","Virker virkelig dårligt..",""
"android","dk","3","3.7.2","En Google-bruger","2018-08-21T18:35:31.211Z","","I den seneste version er stillingen forsvundet, når jeg går ind på livescore på en kamp. Liiiidt belastende da det jo sådan set er det vigtigste ... Jeg har en Huawei P10 Lite m. Android 8.0.0.",""
"android","dk","4","3.7.2","En Google-bruger","2018-08-18T21:03:49.544Z","","Fungerer rigtig fint med smarte funktioner. Jeg har dog problem med at  udvælge kampens spiller i app'en.",""
"android","dk","1","3.7.2","En Google-bruger","2018-08-12T19:01:55.359Z","","Lort. Intet hvirker eller acceptere ens valg. 😣",""
"android","dk","1","3.7.1","En Google-bruger","2018-07-31T18:45:44.133Z","","Seriøst....nogle spillere får oprettet pas og andre ikke.. trænere kan ikke  oprette osv osv.... I må ski stramme remmene og sætte blus på, når i selv  laver deadlines!!! Jeg oprettede selv login for flere uger siden. Og har  intet hørt.... Vi må vel bare vente på flere kampe aflyses, da vi ikke har  spillere, der er godkendt, eller ikke oprettet i jeres system. Eller får vi  den reel deadline i 2019??","login_adgang"
"android","dk","1","3.7.1","En Google-bruger","2018-07-30T15:36:11.902Z","","Skrald",""
"android","dk","1","3.7.1","En Google-bruger","2018-07-19T20:37:36.318Z","","""Fejl! Øv! Der skete en fejl!"" - Citat DBU-appen hver gang jeg forsøger at  logge ind, lige meget hvad jeg gør","nedbrud_fejl|login_adgang"
"android","dk","4","3.7.1","En Google-bruger","2018-06-27T20:08:18.192Z","","Reklamerne i kamp programmet er rigtig rigtig forstyrrende. Jeg vil hellere  betale lidt i stedet for, selvom det burde være unødvendigt...",""
"android","dk","1","3.7.1","En Google-bruger","2018-06-20T17:28:39.740Z","","Jeg kan pludselig ikke logge ind med app men har ingen problemer over nettet","login_adgang"
"android","dk","1","3.7","En Google-bruger","2018-06-09T20:31:07.700Z","","Kan ikke starte efter sidste opdatering",""
"android","dk","4","3.7","En Google-bruger","2018-06-09T07:00:21.609Z","","Bruger Kampklar meget; men kan efter sidste opdatering ikke åbne på Samsung  telefon.","login_adgang"
"android","dk","1","","En Google-bruger","2018-06-06T16:18:16.847Z","","Ja med nyeste opdatering åbner appen heller ikke med samsung s4 android  4.4.2. Har afinstalleret og installeret igen men virker overhovedet ikke?  Selvom der står den er kompatibel med enheden. Hvad sker der??",""
"android","dk","1","","En Google-bruger","2018-06-03T19:17:02.641Z","","Appen virker ikke - skriver den er stoppet....","nedbrud_fejl"
"android","dk","1","3.6.1","En Google-bruger","2018-04-09T14:46:53.390Z","","Den crasher alt for tit.","nedbrud_fejl"
"android","dk","3","3.6.1","En Google-bruger","2018-04-04T11:06:21.913Z","","Tanken om at samle alt der relaterer sig til ens barns fodboldhold/-klub, træning og turneringer på én platform er super god. Det vil er ærgerligt, hvis klubberne føler sig tvunget til at bede forældrene om at deltage via et socialt medie, fordi Fodbold app'en ikke har de nødvendige funktioner. Derfor er min opfordring: Lær af Facebook og pak det ind i et fodbold-univers, som er til gavn for spillere, forældre, dommere osv. I er godt på vej!",""
"android","dk","2","3.6.1","En Google-bruger","2018-04-03T21:03:07.314Z","","Har haft brug for app'en i mange år, men jeg får ingen notifikationer længere, selvom mine valg er sat som de plejer.","notifikationer"
"android","dk","5","3.6.1","En Google-bruger","2018-03-28T11:54:59.254Z","","Sejt",""
"android","dk","4","3.6","En Google-bruger","2018-03-28T10:53:53.647Z","","Nyder at føle hobro ik på denne app.",""
"android","dk","1","3.6","En Google-bruger","2018-01-22T19:54:33.520Z","","Virker kun på google-android, ??????",""
"android","dk","2","3.6","En Google-bruger","2018-01-21T10:47:08.480Z","","Man kan godt se at denne app ikke har taget lang tid at lave da den crasher 60% af tiden også bare når man åbner den Og så for det andet er den meget svær at bruge","ux_findbarhed|nedbrud_fejl"
"android","dk","3","3.6","En Google-bruger","2017-12-06T23:13:06.409Z","","Har her den sidste måneds tid ikke kunne åbne ""Dommer ID kort"" hvilket jo er ret vigtigt når man ikke længere har et fysisk kort at vise.  Har prøvet at geninstallere og opdatere. Generelt er app'en meget ustabil og crasher ca 50% af de gange jeg bruger den.","nedbrud_fejl|login_adgang"
"android","dk","4","3.5.6","En Google-bruger","2017-10-18T10:13:26.843Z","","Fed app, men designet/UI kunne være meget bedre.","ux_findbarhed"
"android","dk","1","3.5.6","En Google-bruger","2017-10-04T14:57:31.935Z","","Den crasher hver gang jeg prøver at oprette nyt login..","nedbrud_fejl|login_adgang"
"android","dk","5","","En Google-bruger","2017-10-03T16:00:34.373Z","","Man kan se hvornår man skal spille kamp og træne",""
"android","dk","5","3.3.2","En Google-bruger","2017-09-23T07:21:07.965Z","","God👌",""
"android","dk","1","3.5.5","En Google-bruger","2017-09-06T17:32:40.244Z","","Kan ikke oprette mig, siger prøv igen senere....(og nej det gider man ikke i et skema, der kræver SÅ mange oplysninger..)",""
"android","dk","1","","En Google-bruger","2017-08-31T07:21:39.384Z","","Kan ikke oprette profil og logge på....",""
"android","dk","1","3.5.5","En Google-bruger","2017-08-26T11:17:47.134Z","","Kan ikke logge på, da den crasher, når jeg vil oprette en ny dbu-profil...  Virkelig belastende","nedbrud_fejl"
"android","dk","5","","En Google-bruger","2017-08-22T20:46:04.650Z","","God at bruge",""
"android","dk","1","","En Google-bruger","2017-08-22T17:42:12.181Z","","Fungere ikke. Kan ikke oprette bruger.","login_adgang"
"android","dk","1","3.5.4","En Google-bruger","2017-08-22T15:22:31.738Z","","Den virker ikke på Android 4.4.4 den starter på logo skærm og går over på siden med søge funktion, der efter hurtig tilbage til logo skærmen igen og så gentager det sig igen og igen. Få det nu lavet😢","nedbrud_fejl"
"android","dk","5","","En Google-bruger","2017-08-18T20:05:33.671Z","","Perfekt 👌",""
"android","dk","4","3.5.3","En Google-bruger","2017-08-15T20:21:44.449Z","","Crasher nogle gange ud af det blå. Ellers rigtig fin app.","nedbrud_fejl"
"android","dk","1","","En Google-bruger","2017-08-15T19:30:29.443Z","","Melder der er sket en fejl og jeg kan ikke logge på. Har Android 5.0.","nedbrud_fejl"
"android","dk","4","3.5.3","En Google-bruger","2017-08-14T19:51:58.300Z","","Jeg er både træner og forældre og appen fungerer rigtig godt for mig. Meget nem at anvende :-)","ros"
"android","dk","1","3.5.2","En Google-bruger","2017-08-13T14:37:09.437Z","","Jeg har i lang tid brugt appendiks men nu kan jeg ikke komme ind på den. Skriver at den lukker ned og så kan jeg vælge bekræftelse eller ok.","nedbrud_fejl"
"android","dk","1","3.5.2","En Google-bruger","2017-08-13T12:41:49.120Z","","Jeg synes ikke om at det ikke virker😐",""
"android","dk","1","","En Google-bruger","2017-08-12T08:55:46.311Z","","Appen virker ikke","nedbrud_fejl"
"android","dk","4","3.5.2","En Google-bruger","2017-08-12T06:42:16.403Z","","Efter at have brugt og betalt for denne app gennem lang tid kan jeg pludselig ikke længere komme ind på den, jeg får besked på at den er lukket ned og så kan jeg trykke på endten ""bekræftelse"" eller ""ok""","notifikationer"
"android","dk","1","3.5.1","En Google-bruger","2017-08-11T07:33:16.876Z","","Hej har haft appen længe, men nu kan jeg ikke komme ind på den mere. Når jeg trykker på den står der at fodbold er stoppet, og så kan jeg trykke bekræftelse eller ok......og så går den ud.......har afinstalleret og prøvet igen uden held. Vh Michael",""
"android","dk","1","3.5","En Google-bruger","2017-08-09T00:48:45.665Z","","Kan ikke oprette en bruger profil, da jeg ikke kan ""få lov"" at vælge køn..","login_adgang"
"android","dk","4","3.5","En Google-bruger","2017-08-08T20:31:05.543Z","","God app men crasher når jeg vil se stillingen","nedbrud_fejl"
"android","dk","4","3.4.1","En Google-bruger","2017-08-03T05:40:39.270Z","","Har problemer med synkronisering af kalenderen til min egen kalender. Har Android telefon. Der sender en mail med link til ICall, men siden oplyser at.der ikke er tilgængelighed. Hvad kan jeg gøre?",""
"android","dk","5","3.4.1","En Google-bruger","2017-07-13T16:30:16.923Z","","RETTELSE: Kanon app og nem at bruge. De hjælper hurtigt i tilfælde problemer 👍👍👍  Det er en god app. Men ringe når abonnement ikke er fjernet som lovet d.1/7  Når delen er fjernet appen er klar til brug kan den få 5 stjerner","ros"
"android","dk","1","3.4.1","En Google-bruger","2017-07-11T09:19:42.418Z","","Den skriver at det skal være gratis efter 1/7 men det er det stadig ikke",""
"android","dk","5","3.3.2","En Google-bruger","2017-07-08T16:08:35.321Z","","Det er en rigtig god App","ros"
"android","dk","3","3.4.1","En Google-bruger","2017-07-07T06:36:20.613Z","","Den går meget ofte ned eller kan slet ikke komme ind. Mine hold burde være gratis nu, efter 1/7, men det er det ikke. Fin app for holdledere når det virker",""
"android","dk","3","3.4.1","En Google-bruger","2017-06-17T04:56:50.552Z","","App har mange gode funktioner, desværre går den ofte ned. Havde der ikke været problemerne med den går ned havde jeg givet 5 stjerner.","nedbrud_fejl"
"android","dk","5","","En Google-bruger","2017-06-02T20:52:47.690Z","","Bedste",""
"android","dk","1","3.4.1","En Google-bruger","2017-05-23T20:58:46.400Z","","Kan ikke komme ind i appen den starter op men så går den bare i hvid skærm lidt efter hvad gør jeg",""
"android","dk","5","","En Google-bruger","2017-05-13T14:38:19.574Z","","Nice",""
"android","dk","4","3.4","En Google-bruger","2017-05-12T22:16:34.223Z","","Den er god nok",""
"android","dk","5","3.4","En Google-bruger","2017-05-02T08:35:18.794Z","","Super til at holde styr på boldspillet",""
"android","dk","5","3.4","En Google-bruger","2017-04-30T13:42:27.530Z","","Genehal",""
"android","dk","1","3.4","En Google-bruger","2017-04-29T10:48:51.658Z","","Den siger hele tiden der er en fejl når man skal logge ind","nedbrud_fejl|login_adgang"
"android","dk","1","3.4","En Google-bruger","2017-04-26T08:14:47.662Z","","Det er en dårlig app, der har altid problem",""
"android","dk","1","3.3.2","En Google-bruger","2017-04-23T17:27:26.429Z","","Har ikke prøvet det endnu, da jeg aldrig kan logge ind eller oprette bruger","login_adgang"
"android","dk","3","","En Google-bruger","2017-04-23T15:56:23.910Z","","Der er den mærkeligste app den gider ikke login  synes det er lidt dumt lavet   Tænk lige over  hvad i laver før i sender noget  Undskyld for sproget men er meget gal     Kan bedre lide en lort spil end den her    Og hvis ikke laver en normal app så kan i lige så godt lade være med at sige vi skal betale total nederlag      Er i virkelig dårlig humør","sprog|login_adgang"
"android","dk","1","","En Google-bruger","2017-04-21T13:27:59.872Z","","Lort",""
"android","dk","5","","En Google-bruger","2017-03-31T06:01:33.460Z","","Super god",""
"android","dk","1","3.3.1","En Google-bruger","2017-03-26T19:04:47.625Z","","Kan ikke passe at man skal opgive SÅ mange oplysninger bare for at holde styr på ens børns kampprogram :-(",""
"android","dk","2","3.3","En Google-bruger","2017-03-12T08:58:18.583Z","","Falder ofte ud",""
"android","dk","2","3.2.2","En Google-bruger","2017-02-26T12:58:15.506Z","","Oprettelse af bruger/login fungerer virkeligt elendigt.","login_adgang"
"android","dk","5","3.2","En Google-bruger","2017-02-20T20:20:28.450Z","","Super fantastisk","ros"
"android","dk","3","3.2.1","En Google-bruger","2017-02-18T19:15:38.307Z","","Savner de administrative muligheder som  Web versionen hsr",""
"android","dk","5","3.2.1","En Google-bruger","2017-01-28T09:51:42.592Z","","Super brugervenlig","login_adgang"
"android","dk","3","3.0.2","En Google-bruger","2016-11-05T10:19:39.222Z","","Problem på Android med at åbne eks. under kampe i dommergerning. Virkede perfekt indtil opdateringen...",""
"android","dk","1","","En Google-bruger","2016-10-26T08:48:39.207Z","","Mindre god app.",""
"android","dk","1","3.0.2","En Google-bruger","2016-10-23T09:55:20.729Z","","App'en virkede fint på Android indtil seneste opdatering. Nu virker intet. Utroligt at udviklerne ikke har løst problemet.",""
"android","dk","1","3.0.1","En Google-bruger","2016-09-18T14:42:00.419Z","","Login mislykkes konstant, selv om jeg indtaster korrekte oplysninger. Reset af password hjælper ikke. App'en gemmer heller ikke brugerinfo, på trods af at jeg markerer ""husk mig"".","login_adgang"
"android","dk","1","3.0.1","En Google-bruger","2016-09-16T21:34:15.629Z","","Lort",""
"android","dk","1","3.0.1","En Google-bruger","2016-09-14T17:56:53.654Z","","Simpelthen så ringe....",""
"android","dk","1","3.0.1","En Google-bruger","2016-09-13T19:17:46.833Z","","Hver gang det er opdateringer er der noget andet der går galt med det som fungerede... fnys",""
"android","dk","5","2.5","En Google-bruger","2016-09-09T17:42:08.458Z","","Er rigtigt god",""
"android","dk","2","3.0","En Google-bruger","2016-09-09T17:08:10.474Z","","Stopper like 5 gange om dagen",""
"android","dk","1","3.0.1","En Google-bruger","2016-09-07T16:22:29.850Z","","Eneste app jeg har betalt for, men den går ned konstant, ikke godt nok","nedbrud_fejl"
"android","dk","1","3.0","En Google-bruger","2016-09-02T19:55:17.739Z","","Når App'en virker er det en fem stjernet App. Ny version er der intet der virker. Håber på ny opdatering snart",""
"android","dk","1","","En Google-bruger","2016-09-02T17:57:29.550Z","","Har prøvet at afinstallere og geninstallere - samme resultat. Kan ikke melde drengen til kampe... Direkte pinligt at release noget så ringe!",""
"android","dk","2","3.0","En Google-bruger","2016-08-31T19:05:07.454Z","","Afinstalleret og installeret på ny. Virker, men undvær at opdatere. OBD man tvinges nu til købe abonnement! Det en OM er",""
"android","dk","1","3.0","En Google-bruger","2016-08-31T18:53:01.954Z","","App'en i sig har glimrende hensigter. Den virker bare ikke. Og den går konstant ned.",""
"android","dk","1","3.0","En Google-bruger","2016-08-30T19:14:25.834Z","","Lad hver med at opdatere. Det duer ikke .",""
"android","dk","1","2.7.4","En Google-bruger","2016-08-27T23:28:17.316Z","","Der kommer fejl hele tiden. Skal hente appen hele tiden😈","nedbrud_fejl"
"android","dk","2","2.7.4","En Google-bruger","2016-08-27T06:16:12.996Z","","Øv øv jeg kan ikke tilføje hold som mine favoritter. Jeg skal ind og finde holdene hver gang. Ellers synes jeg den fungerer godt.",""
"android","dk","2","2.7.4","En Google-bruger","2016-08-23T06:38:03.658Z","","Typisk DBU kan logge på hver 3 gang jeg prøver! Det er blevet værre med årene.",""
"android","dk","1","2.7.4","En Google-bruger","2016-08-21T06:35:12.713Z","","I denne uge har den crash'et over 20 gange - få det nu fikset! Kan simpelthen ikke være rigtigt at man ikke kan bruge andre apps på telefonen. Og telefonen rent faktisk anbefaler afinstallation fordi den crasher så meget!","nedbrud_fejl"
"android","dk","2","2.7.4","En Google-bruger","2016-08-18T07:32:08.975Z","","Jeg har lige fået oprettede en konto og kan ikke logge in log in mislykes.. o_O",""
"android","dk","3","2.7.4","En Google-bruger","2016-08-17T07:06:07.671Z","","ALT FOR MANGE FEJL OG ALTID BØVL NÅR MAN SKAL LOGGE PÅ","nedbrud_fejl"
"android","dk","3","2.7.4","En Google-bruger","2016-08-15T22:46:00.322Z","","Super fed mulighed for at indberette livescore mm. Desværre mange fejl i app'en stadigvæk. Crash når man skifter mellem apps, tiden står stille i livescore indberetning når skærmen er slukket.","nedbrud_fejl"
"android","dk","2","2.7.4","En Google-bruger","2016-08-14T05:42:39.404Z","","Crasher konstant nu.","nedbrud_fejl"
"android","dk","2","2.7.4","En Google-bruger","2016-08-13T09:43:46.540Z","","virker aldrig når det skal",""
"android","dk","1","2.7.4","En Google-bruger","2016-08-08T18:09:44.765Z","","Virker ikke. Kan ikke hente hold eller rækker...","nedbrud_fejl"
"android","dk","5","","En Google-bruger","2016-08-06T10:32:59.739Z","","Mega god app",""
"android","dk","2","","En Google-bruger","2016-08-04T10:00:11.599Z","","Stopper hele tiden",""
"android","dk","3","2.7","En Google-bruger","2016-08-01T15:25:58.758Z","","Det er ikke smart med en opdatering der skal rette fejlene, når den ikke kan opdatere.","nedbrud_fejl"
"android","dk","2","2.7.2","En Google-bruger","2016-07-29T10:16:05.661Z","","Kan ikke hente info i kampklar og crasher konstant","nedbrud_fejl"
"android","dk","1","","En Google-bruger","2016-07-24T13:35:28.458Z","","Lort",""
"android","dk","5","2.5.1","En Google-bruger","2016-07-11T22:19:38.298Z","","Super app","ros"
"android","dk","2","2.7","En Google-bruger","2016-07-11T14:16:51.297Z","","Ret jeres fejl. De er over alt!!!!","nedbrud_fejl"
"android","dk","5","2.6.4","En Google-bruger","2016-07-06T17:18:39.863Z","","virker fint","ros"
"android","dk","1","1.0.1","En Google-bruger","2016-07-05T15:29:27.370Z","","Fem gange jeg ikke kunne komme videre.  Im out",""
"android","dk","2","2.6.4","En Google-bruger","2016-06-07T13:30:36.271Z","","For mange fejl. Når man sætter hold viser den fejl, trykker på ok, så er holdet der, men nårmen er i live score er der ingen hold og appen ender med at den har sin egen mening stopper midt i halv leg, man kan ikke markere målscorer fordi holdkortet ikke er der. Appen er blevet elendig efter den blev opdateret. ....","nedbrud_fejl"
"android","dk","2","2.6.3.1","En Google-bruger","2016-05-21T13:10:15.463Z","","Ved brug af gratis funktioner er den for langsom og ikke optimal. Jeg nægter at betale for appens gode funktioner","nedbrud_fejl"
"android","dk","1","2.6.3.1","En Google-bruger","2016-05-21T13:08:38.178Z","","Det kan formentlig ikke lade sig gøre at oprette sig som bruger. Hvis brugernavnet er brugt bliver man smidt af og skal starte helt forfra. Det bliver man hurtigt træt af når man skal taste ALT ind igen. Hvorfor skal man i det hele taget oprette en profil for at have sine egne hold???","login_adgang"
"android","dk","1","2.6.3","En Google-bruger","2016-05-20T18:52:46.984Z","","Du kan ikke lave en bruger. Det lort","login_adgang"
"android","dk","3","2.6.2","En Google-bruger","2016-05-19T14:50:25.580Z","","Meget dårligt at den hele tiden går i hak når man har været ude af appen og skal ind i den igen!!!  Få det nu fixet!!!  har en Xperia Z",""
"android","dk","1","2.6.2","En Google-bruger","2016-05-16T02:33:06.930Z","","Den crasher hver gang man skal bruge den,efter at den er blevet opdateret.  Få det nu lavet..","nedbrud_fejl"
"android","dk","5","","En Google-bruger","2016-05-13T17:08:09.620Z","","Alt for fodbold i finger spidsen",""
"android","dk","1","","En Google-bruger","2016-05-13T12:18:41.393Z","","Problemer efter update 11/5-2016",""
"android","dk","1","","En Google-bruger","2016-05-12T11:30:42.722Z","","Lukker konstant ned. Kan ikke finde brugeren? Hvad???","ux_findbarhed|login_adgang"
"android","dk","1","2.6.2","En Google-bruger","2016-05-11T16:24:14.660Z","","Efter update er appen blevet betydeligt dårligere den lukker konstant og man kan derfor ikke lave live update",""
"android","dk","5","","En Google-bruger","2016-05-05T10:01:30.357Z","","Man kan se stillingen i rækker og hvilket nummer man ligger i sin pulje med mange forskellige årgange og herrerne",""
"android","dk","3","2.6.1","En Google-bruger","2016-04-23T16:15:33.338Z","","Ok app, men vil ikke opdatere på nexus 7. Kan se andre har samme problem. Derudover  crasher den ofte på min telefon - Samsung Galaxy S6 edge","nedbrud_fejl"
"android","dk","5","","En Google-bruger","2016-04-21T06:09:17.936Z","","😍",""
"android","dk","5","2.6.1","En Google-bruger","2016-04-04T19:33:23.276Z","","SÅ fedt at I har givet mulighed for Facebook-deling. Tak for det.",""
"android","dk","2","2.6.1","En Google-bruger","2016-04-03T09:59:27.557Z","","Har købt adgang til 'mine hold' og skal stort set logge ind hver gang jeg åbner app'en. Og en del crash - ikke okay.","nedbrud_fejl|login_adgang"
"android","dk","2","2.6.1","En Google-bruger","2016-03-20T19:41:43.476Z","","Denne app har altid kørt lidt dårlig, specielt på tablet. Men nu er det da hele tiden at den crasher. Det er ikke særlig godt for en fodboldtræner, der bruger denne til holdkort, hold info og vejvisning","nedbrud_fejl|login_adgang"
"android","dk","5","2.6.1","En Google-bruger","2016-03-19T01:28:10.828Z","","Denne aps er super god da den kan bruges af alle der dyrker sport ind for DBU og det er som spiller træner eller dommer og jeg er dommer og nyder at have denne aps :-)",""
"android","dk","5","","En Google-bruger","2016-03-01T17:43:36.703Z","","Der sup god",""
"android","dk","1","2.5","En Google-bruger","2016-02-12T16:32:20.371Z","","Kan ikke opdatere",""
"android","dk","4","","En Google-bruger","2016-02-05T18:42:15.929Z","","God app",""
"android","dk","4","2.5.1","En Google-bruger","2015-12-26T19:03:48.704Z","","Først og fremmest en rigtig god app. Men nu her har jeg ikke kunne opdatere den. Den laver fejl hvergang jeg prøver at installere den.","nedbrud_fejl|ros"
"android","dk","4","2.5.1","En Google-bruger","2015-12-04T06:04:50.104Z","","God",""
"android","dk","1","","En Google-bruger","2015-11-10T20:39:00.311Z","","Den gider ikke at downloade appen jeg har ventet i flere timer",""
"android","dk","4","2.5","En Google-bruger","2015-10-30T06:29:15.667Z","","Meget nem at bruge","ros"
"android","dk","3","2.4.5","En Google-bruger","2015-10-24T16:19:17.624Z","","Alt for ofte den melder fejl....","nedbrud_fejl"
"android","dk","5","","En Google-bruger","2015-10-24T06:25:19.757Z","","Det er ne rigtig god app","ros"
"android","dk","4","2.4.5","En Google-bruger","2015-10-24T06:12:19.274Z","","God app",""
"android","dk","4","2.4.4","En Google-bruger","2015-10-18T06:01:47.544Z","","Nu ville det snart Være rart at i får fixet den app. ..den lukker jo ned hele tiden ?",""
"android","dk","4","2.4.4","En Google-bruger","2015-10-10T16:58:48.358Z","","Som sådan en ok app. I øjeblikket skal den ofte genstartes, hvilket er irriterende. Synes også det er svagt at visse funktioner kun virker hvis man køber abonnement, helt ærligt DBU alle os der bruger denne app, er enten frivillige ledere, ildsjæle og aktive spillere. Vi er jo roden til fodbold - Danmark. Gør det gratis at benytte alle funktioner ⚽⚽⚽","login_adgang"
"android","dk","5","","En Google-bruger","2015-09-29T17:37:20.690Z","","Sår kan man se om man har vundt",""
"android","dk","5","","En Google-bruger","2015-09-24T19:38:03.583Z","","Hvis du fx gør til fodbold i OB så kan du gå ind på en kamp og se hvem som at laver mål. Man kan også se hvis man selv laver mål !",""
"android","dk","4","2.4.4","En Google-bruger","2015-09-20T17:46:40.285Z","","Fint værktøj. Men har oplevet adskillige gange at appen fryser.","nedbrud_fejl"
"android","dk","5","2.4.4","En Google-bruger","2015-09-16T19:35:10.426Z","","Dejligt med en app der tydeligt bæger præg at være godt gennemtænkt når det kommer til usability.",""
"android","dk","1","2.4.3.1","En Google-bruger","2015-09-13T12:09:02.638Z","","Crasher ved startop. Har 7.9.2015 købt 6 mdr. abonnement, alligevel meddeles at abonnement er udløbet. Log på.Kan ikke logge på fordi app'en crasher. Not cool!","nedbrud_fejl"
"android","dk","5","","En Google-bruger","2015-09-12T15:06:39.410Z","","Det er fint hvis man spiller fodbold kan man se hvilken plads man ligger på",""
"android","dk","5","2.4.3.1","En Google-bruger","2015-08-28T20:23:31.542Z","","Cool",""
"android","dk","1","","En Google-bruger","2015-08-20T10:11:17.155Z","","Der er konstant fejl og den bliver ved med at lukke ned.","nedbrud_fejl"
"android","dk","1","2.4.3.1","En Google-bruger","2015-08-19T09:39:32.578Z","","Kan ikke engang logge inde på min Dbu login. Kan ikke bruge Facebook, da jeg ikke gider have det..😧 Enhed: Samsung Galaxy s4","login_adgang"
"android","dk","4","2.4.3","En Google-bruger","2015-08-11T11:04:46.506Z","","Sådan. Meget bedre nu",""
"android","dk","5","2.4.3","En Google-bruger","2015-08-10T17:53:14.900Z","","Super nemt",""
"android","dk","4","2.4.2","En Google-bruger","2015-08-03T20:16:04.565Z","","Har en Samsung s5. Hvorfor kan man ikke lægge kampe ind i kalenderen fra app lige som fra Iphone",""
"android","dk","1","2.4.2","En Google-bruger","2015-07-07T11:45:52.339Z","","Meget primitiv app, Jeg skriver mit profil navn forkert under opsætning, og dereftet bliver jeg sendt tilbage til startmenuen og skal skrive det hele igen",""
"android","dk","3","2.4.2","En Google-bruger","2015-06-11T13:40:36.379Z","","Fed app. Men den crasher konstant.","nedbrud_fejl"
"android","dk","5","","En Google-bruger","2015-05-16T12:01:03.432Z","","Rigtig god app","ros"
"android","dk","4","2.4.2","En Google-bruger","2015-05-11T05:48:34.461Z","","Man kan ikke se puljen man kan kun se sit ejet holds sejre men den crasher når man går ind i vis pulje","nedbrud_fejl"
"android","dk","5","","En Google-bruger","2015-05-01T21:42:34.224Z","","Hvad hedder jeres hold?",""
"android","dk","4","2.4.1","En Google-bruger","2015-04-29T09:25:31.230Z","","Har i en anelse om hvornår opdateringen til android kommer, så man kan logge ind med sit Facebooklogin igen?","login_adgang"
"android","dk","5","2.4.1","En Google-bruger","2015-04-19T10:24:38.572Z","","Det er en rigtig god app","ros"
"android","dk","1","","En Google-bruger","2015-04-15T09:20:00.671Z","","Kan hverken opdatere, eller installere fra ny efter afinstallation. Opdatering: jeg kan stadig ikke hente jeres app, på trods af at I har ""løst"" problemet.",""
"android","dk","4","2.4.1","En Google-bruger","2015-04-14T12:30:57.235Z","","Det er super fedt at vi som dommere  nu har adgang til vores kampe og kan se vores dommerkollegaer. Mangler lige at kunne overføre det til kalender i Android versionen ligesom man kan i IOS. Så vil den få 5 stjerner.","login_adgang"
"android","dk","5","2.4","En Google-bruger","2015-04-13T16:35:33.704Z","","Og tak til DBU for hurtig problem løsning 😊",""
"android","dk","5","","En Google-bruger","2015-04-11T08:34:28.869Z","","Super",""
"android","dk","4","2.3.2","En Google-bruger","2015-03-26T17:59:19.839Z","","God app der giver nemt overblik over kampe og hold. Jeg savner blot en mulighed for at overføre kampene til min kalender.",""
"android","dk","5","2.3.2","En Google-bruger","2015-03-22T21:12:19.120Z","","Goood",""
"android","dk","3","","En Google-bruger","2015-03-16T06:12:32.269Z","","Tak",""
"android","dk","4","2.3.2","En Google-bruger","2015-03-12T13:47:52.759Z","","Udfyldelse af holdkort og indberetninger virker glimrende. Meget nemmere end hjemmesiden.",""
"android","dk","5","2.3.2","En Google-bruger","2015-03-04T17:10:49.440Z","","Kanon",""
"android","dk","1","2.3.2","En Google-bruger","2015-01-25T08:18:46.977Z","","Hvorfor skal man betale for at indrapporterer kamp resultater og holdkort.",""
"android","dk","5","2.1.6","En Google-bruger","2014-10-17T15:48:56.327Z","","Det er et super værktøj hvis man skal sætte holdkort og indberette resultater. Simpelt og nemt",""
"android","dk","2","2.1.6","En Google-bruger","2014-10-07T16:57:25.100Z","","Kan ikke forstå hvorfor App'n skal have adgang til mine kontakter,  billeder mm.","login_adgang"
"android","dk","4","2.1.6","En Google-bruger","2014-10-07T09:21:05.431Z","","Træner",""
"android","dk","5","2.1.6","En Google-bruger","2014-10-04T06:46:15.938Z","","Alletiders til holdleder",""
"android","dk","2","2.1.6","En Google-bruger","2014-10-02T20:46:52.868Z","","Denne app kræver rettigheder, bla. Adgang til filer /billede, kontakter, kamera og telefon, det virker mystisk","login_adgang"
"android","dk","3","2.1.5","En Google-bruger","2014-09-24T12:26:32.100Z","","Mangler funktioner når det er android , disse funktioner er der på en iPhone",""
"android","dk","5","2.1.5","En Google-bruger","2014-09-18T17:59:16.953Z","","Det er en virkelig god app hvor man kan tjekke ens resultater og se hvor ens modstandere ligger",""
"android","dk","2","2.1.5","En Google-bruger","2014-09-14T08:17:04.399Z","","Der er altid sort skærm, og man kan ikke opdatere den.",""
"android","dk","5","2.1.5","En Google-bruger","2014-09-10T18:40:23.405Z","","Kan godt lide denne app. Meget praktisk.",""
"android","dk","5","","En Google-bruger","2014-09-08T07:23:40.764Z","","God",""
"android","dk","1","","En Google-bruger","2014-08-30T15:46:08.986Z","","Jeg vil super gerne have hentet denne app men da jeg trykker på installer siger den at denne app kan ikke hentes så det er lidt nej meget irriterende sååå det vil jeg ikke anbefale.",""
"android","dk","3","2.1.5","En Google-bruger","2014-08-29T15:26:40.263Z","","Fin app.. Dejligt at have dbu lige ved hånden. Dog en masse fejl der burde rettes.","nedbrud_fejl"
"android","dk","2","2.1.4","En Google-bruger","2014-08-28T20:06:46.139Z","","Man kan ikke oprette holdkort, eller indberette resultater. Bliver ved med at skulle logge ind. Det vil være rart, hvis det skulle blive fikset","login_adgang"
"android","dk","4","2.1.4","En Google-bruger","2014-08-26T20:12:07.430Z","","God app",""
"android","dk","1","2.1.3.5","En Google-bruger","2014-08-23T11:57:20.722Z","","Virker ikke på en LG 3.","nedbrud_fejl"
"android","dk","5","2.1.3.5","En Google-bruger","2014-08-19T05:08:38.327Z","","Super godt,  kunne ikke være bedre",""
"android","dk","5","2.1.3.5","En Google-bruger","2014-08-18T12:01:09.861Z","","Jeg er pro",""
"android","dk","1","2.1.3.5","En Google-bruger","2014-08-16T12:16:30.908Z","","Men sort skærm Skal Så slette den og køre den ind igen mmm",""
"android","dk","5","2.1.3.5","En Google-bruger","2014-08-16T11:21:02.982Z","","Uundværlig for fodbold folket",""
"android","dk","1","2.1.3.5","En Google-bruger","2014-08-11T19:16:56.322Z","","Nogen som har problemer med at den ikke virker på store skærme. Det er helt klemt  sammen på min nye mobil. Det er da mega belastende.",""
"android","dk","4","2.1.3.5","En Google-bruger","2014-07-29T10:12:23.921Z","","Kunne være rigtig godt at få tilføjet muligheden for kombineret kampprogram for sine favorit hold.","ros"
"android","dk","2","2.1.3.5","En Google-bruger","2014-06-17T15:40:56.972Z","","Mangler at føje til kalender",""
"android","dk","4","2.1.3.5","En Google-bruger","2014-06-12T18:52:05.889Z","","Virker ikke blot sort skærm","nedbrud_fejl"
"android","dk","5","2.1.3.5","En Google-bruger","2014-06-12T17:49:25.890Z","","Den er virkelig god",""
"android","dk","1","2.1.1","En Google-bruger","2014-05-23T07:50:37.993Z","","Kan åbne den en gang efter d en er installeret , så er den bare sort resten af tiden",""
"android","dk","5","2.1.1","En Google-bruger","2014-05-20T11:45:44.195Z","","God app så keg kan se hvilet kampe vi skal spille og hvad stilling vores hold har😱🙌😂",""
"android","dk","5","2.1.1","En Google-bruger","2014-05-14T20:11:09.925Z","","God app",""
"android","dk","1","2.1.1","En Google-bruger","2014-05-12T14:41:50.419Z","","Jeg kan ikke oprette en profil, da programmet ikke anerkender min mail adresse :-(",""
"android","dk","5","2.1.1","En Google-bruger","2014-05-08T12:47:06.579Z","","Det god og kunde se kampene Jeg skal spille",""
"android","dk","4","2.1.1","En Google-bruger","2014-05-03T06:04:19.570Z","","Den.har nogen gang med.og skal stoppe så kan.jeg ikke.komme ind på den.så må jeg slette den.igen og geninstaller den :-(",""
"android","dk","4","2.1.1","En Google-bruger","2014-04-29T14:59:36.110Z","","Fed app man kan hurtig se stilling og kampprogrammet for sit hold. Mangler da at kunne se de andre kampe i puljen hvordan det gik. Og det med at få besked hvordan det gik for mine hold får jeg hellere ikke selvom der er sat flueben i at jeg skal..  kender flere som har fået samme problem","notifikationer"
"android","dk","1","","En Google-bruger","2014-04-28T20:48:07.166Z","","Hvis man kunne give minus stjerner fik app'en det. Den går i sort, og bliver smidt af. Ikke optimalt når der skal udfyldes holdkort",""
"android","dk","1","2.1","En Google-bruger","2014-04-26T16:52:02.427Z","","Virker første gang man downloader og betaler.  Derefter virker den ikke.  ""God"" måde at tjene penge på,  det har nu kostet 2*19 kr. Samsung 3S","nedbrud_fejl"
"android","dk","4","2.1","En Google-bruger","2014-04-26T10:08:24.565Z","","Kan ikke få lov til at acceptere bruger licens i live billeder. Ellers en god app. Som giver serie bold nyt liv","login_adgang"
"android","dk","2","2.1","En Google-bruger","2014-04-24T21:44:25.958Z","","Især hvis der kommer en nyhed i notifikationsbaren og man prøver at gå ind og læse den. Så giver den sort skærm og tænder og slukker for GPS hele tiden. Indtil at man dræber appen fra taskkiller.","notifikationer"
"android","dk","1","2.1","En Google-bruger","2014-04-19T05:38:58.136Z","","Virker ikke. Når jeg har været inde og derefter går ud igen bliver skærmen sort og jeg må afinstallere og geninstallere den igen for at kunne færdiggøre et holdkort. DYBT FRUSTRERENDE....... HTC one","nedbrud_fejl"
"android","dk","2","2.1","En Google-bruger","2014-04-16T19:55:30.204Z","","Denne sæson (forår 2014) er det app'en en katastrofe. Skal genstartes for at virke og notifikationer virker ikke. Nexus5.","nedbrud_fejl|notifikationer"
"android","dk","1","","En Google-bruger","2014-04-14T07:43:33.670Z","","Lorte app",""
"android","dk","3","2.1","En Google-bruger","2014-04-13T18:35:59.713Z","","Virker okay",""
"android","dk","1","","En Google-bruger","2014-04-13T13:57:33.987Z","","Sort skærm efter at have brugt den 3 gang ca. :-(.. Har installeret den 4 gang nu..Og det samme..",""
"android","dk","1","2.1","En Google-bruger","2014-04-13T13:39:30.947Z","","Virkelig dårlig, må være ver.  1.0. Sort skærm hver anden gang, og mere eller mindre ubrugelig:O",""
"android","dk","2","2.1","En Google-bruger","2014-04-06T16:16:36.900Z","","Logger en af hele tiden meget træls, ville ikke skade med en opdatering!",""
"android","dk","2","2.1","En Google-bruger","2014-03-29T16:30:00.715Z","","Syntes det er for dårligt, at når man søger efter klubben FC Vestsjælland,  for at få notifikationer om, når de spiller. Findes klubben ikke. Får opdateret den app og få den ordentligt til at virke.","notifikationer"
"android","dk","4","2.0.4","En Google-bruger","2014-03-07T16:54:48.866Z","","God app",""
"android","dk","4","2.0.2","En Google-bruger","2014-02-28T09:42:30.846Z","","God",""
"android","dk","2","2.0","En Google-bruger","2014-02-21T22:53:54.343Z","","",""
"android","dk","5","2.0","En Google-bruger","2014-02-20T20:33:53.262Z","","Fungerer virkelig upåklagelig, og så er den gratis, hvis man kun vil bruge den til at holde styr på resultater og spilletidspunkter.",""
"android","dk","1","2.0","En Google-bruger","2014-02-19T15:42:42.594Z","","danm der er mange bugs kan ikke en gang se mine hold uden det går galt.... Sgs4","nedbrud_fejl"
"android","dk","2","2.0","En Google-bruger","2014-02-19T07:06:52.275Z","","App'en virker generelt god og gennemført, men når jeg ikke vil bruge den til andet end at holde mig løseligt ajour med et enkelt hold, så er prisen desværre langt over et rimeligt niveau. Hvis de sætter prisen ned - eller i det mindste differentierer på prisen, så man slipper for at betale fuld pris for en minimal anvendelse, vil jeg overveje at installere app'en igen... Men indtil videre ryger den ud.",""
"android","dk","4","2.0","En Google-bruger","2014-02-18T14:29:42.613Z","","Virkelig god app. Dog har jeg oplevet at den reagere langsomt. Så der er nok nogle børnefejl der lige skal rettes, men kanon app, hvis man spiller fodbold, eller har sin gang i miljøet.","nedbrud_fejl"
"android","dk","5","1.3.1","En Google-bruger","2014-02-03T18:30:48.570Z","","Kommer der en opdatering, så det er muligt at lave holdkort?",""
"android","dk","2","1.3.1","En Google-bruger","2013-12-28T16:59:35.756Z","","At det kostor penge er ikke får godt for der er ikke mange der køber det så det er lidt surt ØV",""
"android","dk","5","1.3.1","En Google-bruger","2013-12-27T09:09:45.755Z","","Fremragende",""
"android","dk","1","","En Google-bruger","2013-11-10T22:32:50.982Z","","Man kan ikke tage penge hver måned for så dårlig en app.",""
"android","dk","1","1.3.1","En Google-bruger","2013-10-17T15:07:28.547Z","","Hvorfor skal det koste penge... Øv",""
"android","dk","4","1.3.1","En Google-bruger","2013-09-27T11:16:15.560Z","","Fungerer fint.","ros"
"android","dk","5","1.3","En Google-bruger","2013-09-27T08:39:01.300Z","","Fantastisk nemt at indberette kampe og have puljeoversigt ved hånden. 5 store stjerner herfra. Hilsen Holdlederen","ros"
"android","dk","4","1.3","En Google-bruger","2013-09-21T16:11:49.309Z","","Fin app.",""
"android","dk","2","1.2.6","En Google-bruger","2013-09-15T10:57:46.904Z","","Denne app virker ikke på min tablet den springer tilbage til playbutik. Den virker dog på min LG telefon.	Jeg bruger app'en dagligt da jeg er træner og er glad for at der er vejviser til de forskellige spille steder. Den er til tider langsom når man indberetter resultatet.","nedbrud_fejl|login_adgang"
"android","dk","5","1.2.5","En Google-bruger","2013-09-09T18:45:52.242Z","","Virker perfekt.",""
"android","dk","4","1.2.6","En Google-bruger","2013-09-06T21:30:24.641Z","","Skide synd at App'en ikke er gratis. Ellers er den ret handy og nem..",""
"android","dk","4","1.2.5","En Google-bruger","2013-08-25T12:34:16.542Z","","Første gang jeg købte 6 mdr kørte det bare. Men nu købte jeg så igen, og under mine køb er den også registreret. Men under mine hold står der at jeg skal forny mit abonnement. Det er vel ikke meningen at jeg skal gøre det 2 gange. Og pengene er trukket fra kontoen.",""
"android","dk","4","1.2.5","En Google-bruger","2013-08-22T19:37:33.319Z","","God app",""
"android","dk","2","1.2.5","En Google-bruger","2013-08-18T19:46:39.256Z","","Så godt et det ikke",""
"android","dk","2","1.2.5","En Google-bruger","2013-08-18T14:23:43.578Z","","Alt for mange fejl - lige nu er det data kan ikke hentes. Er meget glad for jeg ikke har abonnement","nedbrud_fejl"
"android","dk","1","1.2.5","En Google-bruger","2013-08-18T10:15:30.645Z","","Trist at den ikke starter app'en op... især når man kan læse at det er et problem som har eksisteret længe, og når turneringen er startet....",""
"android","dk","1","1.2.5","En Google-bruger","2013-08-15T11:52:38.583Z","","Nexus 4 Android 4.3",""
"android","dk","1","1.2.5","En Google-bruger","2013-08-07T14:57:55.994Z","","Data kan ikke hentes",""
"android","dk","5","1.2.5","En Google-bruger","2013-07-22T15:42:18.873Z","","Har alt det man skal bruge. Rimelig med den meget lille egenbetaling på 19 kr for et halvt år, så man kan lave ""mine hold"". Betaling = vedligeholdelse + forbedringer",""
"android","dk","5","","En Google-bruger","2013-06-05T16:16:12.434Z","","Vi vandt                           3-0",""
"android","dk","1","","En Google-bruger","2013-05-21T14:20:33.855Z","","Virker ikke til min den vil ikke gå ind i programmet den står bare på det der fodbold ikon i starten også går den i sort og kommer ikke videre","nedbrud_fejl"
"android","dk","1","1.2.3","En Google-bruger","2013-05-14T21:38:50.864Z","","Synes det er mærkeligt at man skal betale for månedlig abonnement, kunne bedre forstå hvis det var et engangsbeløb for appen.",""
"android","dk","1","1.2.3","En Google-bruger","2013-05-09T19:19:14.426Z","","Under karantæne info har spillere både 2 og 3 spille dage for gult kort ??? Det er kun 1 på dbu.dk",""
"android","dk","5","1.2.2","En Google-bruger","2013-05-02T17:50:33.121Z","","Det er virkelig en god app, 3 minutter efter kamp kam di se resultatet",""
"android","dk","5","","En Google-bruger","2013-05-01T04:23:15.877Z","","Jeg elsker det","ros"
"android","dk","2","","En Google-bruger","2013-04-01T02:26:56.247Z","","En række funktionsknapper er meget små og svært tilgængelige - givetvis afhængig af telefon-model, men det er i hvert fald et problem på min Xperia Z. Samtidig fyrer app'en op for GPS uden at jeg rigtig kan se hvorfor, eller i øvrigt slå det fra.",""
"android","dk","1","1.2","En Google-bruger","2013-03-23T14:51:51.640Z","","Når jeg trykker på hjertet, når jeg skal tilføje mit hold gider den ikke er der nogen der kan hjælpe?",""
"android","dk","1","1.2","En Google-bruger","2013-03-15T08:39:41.813Z","","Ubrugelig på grund af abonnementet",""
"android","dk","3","1.2","En Google-bruger","2013-03-06T19:29:49.610Z","","Rigtig god app - så kan jeg hurtigt se hvor mit hold ligger i tabellen. Men den er dog langsom til at opdatere kamp-resultatet og nye puljer ...","nedbrud_fejl|ros"
"android","dk","4","","En Google-bruger","2013-02-28T06:48:01.611Z","","Fin måde lige at følge juniors hold på, når man ikker nær en pc.",""
"android","dk","3","1.2","En Google-bruger","2013-02-27T20:24:22.193Z","","Det er så dejligt at kunne finde kampe og stillinger for de hold, jeg træner, via mobilen, men hvorfor skal DBU have penge hver måned for at jeg kan gemme genveje til holdene? Jojo, jeg kan da bare klikke mig gennem menuerne - og gør det da også - men hvorfor?",""
"android","dk","3","","En Google-bruger","2012-11-28T12:42:20.376Z","","Fin lille app, men jeg mangler at man kan se dommeren er, når man er inde på kampinfo. Ellers fin, uden at være helt vild.",""
"android","dk","4","1.0.2","En Google-bruger","2012-11-22T15:15:17.498Z","","Fungerer Godt til folk der Har med fodboldklubber at gøre",""
"android","dk","5","1.0.2","En Google-bruger","2012-11-12T15:15:36.649Z","","En app som vi androidbrugere får stor glæde af når først den er komplet opdateret","login_adgang"
"android","dk","5","","En Google-bruger","2012-11-09T08:47:20.547Z","","Den er hurtig og kan det man bruger mest","login_adgang"
"android","dk","5","1.0.1","En Google-bruger","2012-11-02T18:57:10.889Z","","det virker bare......",""
"android","dk","5","1.0.1","En Google-bruger","2012-10-25T19:03:59.402Z","","Fungerer perfekt!",""
"android","dk","5","","En Google-bruger","2012-10-23T10:43:07.809Z","","Fantastisk godt lavet...","ros"
"android","dk","3","1.0.1","En Google-bruger","2012-10-23T05:22:09.408Z","","Ok app den kører dog ekstremt langsomt, hvis man ikke er på WiFi.","nedbrud_fejl"
"android","dk","1","1.0.1","En Google-bruger","2012-10-07T18:33:56.859Z","","Udemærket program men at man skal betale et gebyr hver måned og så oven i købet til dbu, det fatter jeg ikke. Hvis i absolut skal have betaling, fra jeres frivillige trænere som i øvrigt ikke får en skid for at træne ungerne i deres sparsomme fritid, kunne man så ikke lave et engangsbeløb som de fleste andre på ca 15-20 kr. Jeg syntes det er ulækkert.",""
"android","dk","5","","En Google-bruger","2012-10-07T08:04:02.881Z","","Fed app for en træner",""
"android","dk","4","1.0.1","En Google-bruger","2012-10-06T19:55:22.175Z","","Fantastisk app, men hvorfor kan man ikke se andre resultater fra de andre hold i ens pulje?? Man kan kun se sit eget hold... ??? Please fix it ;-)","ros"
"android","dk","2","","En Google-bruger","2012-10-06T15:32:34.933Z","","Rigtig god app Bare ærgerligt at den fryser så tit at jeg må fjerne den og så hente den igen ellers havde den fået 5 stjerner","nedbrud_fejl|ros"
"android","dk","5","1.0.1","En Google-bruger","2012-10-01T13:09:45.282Z","","Funger perfekt.",""
"android","dk","1","","En Google-bruger","2012-09-26T17:49:44.310Z","","Kan ikke finde de hold jeg søger, så synes ikke jeg vil bruge min tid på det her","ux_findbarhed"
"android","dk","4","1.0.1","En Google-bruger","2012-09-22T17:35:20.741Z","","Tåbeligt at der skal betales for det fulde abonnement. Gratis via internet på mobil - gør dog app gratis.",""
"android","dk","3","1.0.1","En Google-bruger","2012-09-14T16:22:17.825Z","","Fin app men den fryser ofte og så mangler den integration med kalender og mulighed for at se de øvrige hold i puljen.","nedbrud_fejl"
"android","dk","5","1.0.1","En Google-bruger","2012-09-11T19:12:35.832Z","","Cool",""
"android","dk","5","1.0.1","En Google-bruger","2012-09-05T15:08:30.550Z","","Nice app. Men avoligt at der kommer betaling på efter 60 dage ved noget af det",""
"android","dk","3","1.0.1","En Google-bruger","2012-09-05T06:24:48.602Z","","men crasher når jeg prøver på at tilføje et ekstra hold under ""mine hold"". Samsung galaxy 3","nedbrud_fejl"
"android","dk","3","1.0.1","En Google-bruger","2012-09-03T18:16:24.883Z","","Fryser dårligt telefonen skal genstartes når man vælger resultater under mine hold.","nedbrud_fejl"
"android","dk","3","1.0.1","En Google-bruger","2012-08-27T13:57:04.590Z","","God dog ikke helt gratis",""
"android","dk","5","1.0.1","En Google-bruger","2012-08-25T18:57:31.465Z","","Kommer dog bag på mig at man skal købe sig til den fulde app da alle disse ting kan gøres ganske gratis på en pc. Men fed ide og super app. Genialt man kan få vist kampens spille sted på et kort.","ros"
"android","dk","3","1.0.1","En Google-bruger","2012-08-23T12:02:07.444Z","","Savner virkeligt integration med kalenderen, således at kampprogram for ""mine hold"" kan indlægges/opdateres automatisk i telefonens kalender. Lignende virkede fint på Infosport med webkalender link og Google Kalender (iCal format)  Ellers fin og nyttig app",""
"android","dk","2","1.0.1","En Google-bruger","2012-08-21T18:39:40.807Z","","Det første indtryk var godt.  Jeg tænkte yes, endelig har de skruet en ordentligt app sammen. Men på det seneste crasher den hele tiden og fryser telefonen til genstart. Ærgerligt, kom nu med en opdatering så skidtet virker.","nedbrud_fejl"
"android","dk","1","1.0.1","En Google-bruger","2012-08-18T12:38:53.141Z","","Fryser konsekvent ved opstart.","nedbrud_fejl"
"android","dk","4","1.0.1","En Google-bruger","2012-08-18T10:09:20.662Z","","Det er lidt irreterende at der ikke kommer eb meddelese når ebs hold spiller",""
"android","dk","2","1.0.1","En Google-bruger","2012-08-18T07:58:40.653Z","","Fryser lidt for ofte. Og synes det tager lang tid at få de ønskede data frem","nedbrud_fejl"
"android","dk","1","1.0.1","En Google-bruger","2012-08-15T19:31:57.788Z","","Ærgerligt da ideen er rigtig god. Håber de  får rettet fejlene","nedbrud_fejl|ros"
"android","dk","1","1.0.1","En Google-bruger","2012-08-14T19:29:22.287Z","","Dårlig og crasher konstant :-(  Det er en ommer DBU.","nedbrud_fejl"
"android","dk","1","1.0.1","En Google-bruger","2012-08-13T13:57:05.996Z","","Fin idé, men bliver ikke opdateret",""
"android","dk","5","1.0.1","En Google-bruger","2012-08-06T16:09:43.939Z","","Super app","ros"
"android","dk","5","","En Google-bruger","2012-07-18T17:43:18.951Z","","Endelig kampprogram og indberetning til mobilen :-)",""
"android","dk","3","1.0.1","En Google-bruger","2012-07-16T16:40:23.995Z","","Den har de funktioner som forventet og glæder mig til at bruge den når sæsonen for ungdomsfodbolden starter.. Dog fryser den lige pt. når man starter app, håber det fikses snarest :)","nedbrud_fejl"
"android","dk","1","1.0.1","En Google-bruger","2012-07-12T22:43:25.810Z","","Kedeligt urealistisk",""
"android","dk","3","1.0.1","En Google-bruger","2012-07-08T09:32:06.617Z","","Mangler dog at opdatere sig efter ny turnering",""
"android","dk","5","1.0.1","En Google-bruger","2012-07-05T16:40:39.290Z","","Burde Være gratis",""
"android","dk","5","1.0.1","En Google-bruger","2012-06-26T12:14:38.245Z","","Simpelthen fantastisk at kunne følge med via mobilen :-)","ros"
"android","dk","5","1.0.1","En Google-bruger","2012-06-25T21:15:53.450Z","","Godt!",""
"android","dk","5","1.0.1","En Google-bruger","2012-06-24T20:52:53.310Z","","God",""
"android","dk","5","1.0","En Google-bruger","2012-06-15T14:52:01.954Z","","Vente tiden har været lang, men det har været vente tiden værd mega fed app stor ros til jeres udvikler",""