name,website,classification,platform,confidence,signals
"AIK 65 Strøby Fodbold","https://aik65fodbold.dk/","custom","WordPress","high","platform:WordPress; generator:Site Kit by Google 1.181.0"
"AC Norddjurs","http://www.acnorddjurs.dk/","unknown","","low",""
"Alhedens IF","http://www.frederiks-aif.dk/","unknown","","low",""
"Allerslev UIF","http://www.auif.dk/","unknown","","low","generator:One.com Web Editor"
"AGF, Aarhus","http://www.agf1880fodbold.dk/","dbu-klubcms","DBU Klub-CMS (Umbraco)","high","umbraco-media-path; dbu-viewport; file.dbu.dk-club-logos; kampvisning-poolrowid; template-default-dbu-mail"
"AB Tårnby","http://www.abtaarnby.dk/","dbu-klubcms","DBU Klub-CMS (Umbraco)","high","umbraco-media-path; dbu-viewport; file.dbu.dk-club-logos; kampvisning-poolrowid"
"AIA-Tranbjerg","http://aiatranbjerg-fodbold.dk/","dbu-klubcms","DBU Klub-CMS (Umbraco)","high","umbraco-media-path; dbu-viewport; file.dbu.dk-club-logos; kampvisning-poolrowid"
"Agerbæk SF","http://www.agerbaek-sf.dk/","custom","WordPress","high","platform:WordPress; generator:WP Rocket 3.20.4"
"Allingåbro IF","http://www.aiffodbold.dk/","unreachable","","n/a","fetch failed"
"Allinge-Sandvig G.F.","http://www.a-s-g.dk/","custom","WordPress","high","platform:WordPress; generator:WordPress 7.0"
"Allerød Fodbold Klub","http://www.alleroedfk.dk/","dbu-klubcms","DBU Klub-CMS (Umbraco)","high","umbraco-media-path; dbu-viewport; file.dbu.dk-club-logos; kampvisning-poolrowid"
"Albertslund BS 72","http://www.bs72.dk/","dbu-klubcms","DBU Klub-CMS (Umbraco)","high","umbraco-media-path; dbu-viewport; file.dbu.dk-club-logos; kampvisning-poolrowid"
"Alsønderup SG&I","http://www.asgi.dk/fodbold","custom","SPA/tom HTML","low","empty-or-spa-shell"
"Alminde/Viuf GIF","http://www.avgif.dk/","unknown","","low",""
"Albertslund IF","http://www.aif-fodbold.dk/","dbu-klubcms","DBU Klub-CMS (Umbraco)","high","umbraco-media-path; dbu-viewport"
"Andrup IF","http://www.andrupif.dk/","custom","SPA/tom HTML","low","empty-or-spa-shell"
"Allested U & IF","http://www.allested-ui.dk/","custom","WordPress","high","platform:WordPress; generator:WordPress 5.7.15"
"Arctos","http://www.arctos.dk/","unknown","","low",""
"Arden IF","http://www.jarl-arden.dk/","custom","TYPO3","medium","platform:TYPO3; generator:TYPO3 CMS"
"Amager Fodbold Forening","http://www.amagerff.dk/","dbu-klubcms","DBU Klub-CMS (Umbraco)","high","umbraco-media-path; dbu-viewport; file.dbu.dk-club-logos; kampvisning-poolrowid"
"Amager International School","http://a-i-s.dk/","custom","WordPress","high","platform:WordPress; generator:WordPress 6.6.5"
"Alslev Sport & Kultur","http://www.alslevsk.dk/","custom","WordPress","high","platform:WordPress; generator:All in One SEO (AIOSEO) 4.9.8"
"Ansager IF","http://www.ansagerif.dk/","unknown","","low",""
"Ans IF","http://www.ansif.dk/","custom","WordPress","high","platform:WordPress; generator:WordPress 4.9.26"
"Alliancen IF","http://www.ifafodbold.dk/","dbu-klubcms","DBU Klub-CMS (Umbraco)","high","umbraco-media-path; dbu-viewport; file.dbu.dk-club-logos; kampvisning-poolrowid; kampfakta-resource"
"Arrild Idrætsforening","http://www.arrildif.dk/","unknown","","low",""
"Annisse IF","http://www.annisse-fodbold.dk/","unknown","","low",""
"Arnborg IF","http://www.arnborgif.dk/","unknown","","low","generator:BaseKit"
"As IF","http://www.as-if.dk/","custom","WordPress","high","platform:WordPress; generator:All in One SEO (AIOSEO) 4.8.4.1"
"Askov/Malt UI","http://www.amui.dk/","custom","Joomla","medium","platform:Joomla; generator:Joomla! - Open Source Content Management"
"Assens FC","http://www.assensfc.dk/","dbu-klubcms","DBU Klub-CMS (Umbraco)","high","umbraco-media-path; dbu-viewport"
"Aulum IF","http://www.aulumif.dk/","dbu-klubcms","DBU Klub-CMS (Umbraco)","high","umbraco-media-path; dbu-viewport; file.dbu.dk-club-logos; kampvisning-poolrowid"
"B 1990","http://www.b1990.dk/","unreachable","","n/a","fetch failed"
"ASA, Aarhus","http://www.asa-fodbold.dk/","dbu-klubcms","DBU Klub-CMS (Umbraco)","high","umbraco-media-path; dbu-viewport; file.dbu.dk-club-logos; kampvisning-poolrowid; kampfakta-resource"
"B 74 Silkeborg","http://www.b74.dk/","unknown","","low",""
"B 65","http://www.b65.dk/","custom","SPA/tom HTML","low","empty-or-spa-shell"
"B 1909","http://www.b1909.dk/","dbu-klubcms","DBU Klub-CMS (Umbraco)","high","umbraco-media-path; dbu-viewport"
"B 67","http://www.b67.dk/","dbu-klubcms","DBU Klub-CMS (Umbraco)","high","umbraco-media-path; dbu-viewport"
"B 93 (professional)","http://www.b93.dk/","custom","WordPress","high","platform:WordPress"
"B 1938","http://www.b1938.dk/","dbu-klubcms","DBU Klub-CMS (Umbraco)","high","umbraco-media-path; dbu-viewport"
"Asnæs BK","http://www.asnaesboldklub.dk/","custom","WordPress","high","platform:WordPress"
"B. 82, Virum","http://www.b82.dk/","unknown","","low",""
"Avarta (professional)","http://www.avartaelite.dk/","custom","WordPress","high","platform:WordPress"
"B Chang","http://www.bchang.dk/","dbu-klubcms","DBU Klub-CMS (Umbraco)","high","umbraco-media-path; dbu-viewport"
"B. 77, Rødovre","http://www.b77fodbold.dk/","dbu-klubcms","DBU Klub-CMS (Umbraco)","high","umbraco-media-path; dbu-viewport; template-default-dbu-mail"
"B. 73, Slagelse","http://www.b73.dk/","dbu-klubcms","DBU Klub-CMS (Umbraco)","high","umbraco-media-path; dbu-viewport"
"B. 1973, Herlev","http://www.b1973.dk/","dbu-klubcms","DBU Klub-CMS (Umbraco)","high","umbraco-media-path; dbu-viewport"
"Ballerup Boldklub","http://www.ballerupboldklub.dk/","unreachable","","n/a","fetch failed"
"B. Frem","http://www.bfremsaks.dk/","unknown","","low",""
"Ballum IF","http://www.ballumif.dk/","custom","SPA/tom HTML","low","empty-or-spa-shell"
"B52/Aalborg Fodbold Club","http://www.b52.dk/","dbu-klubcms","DBU Klub-CMS (Umbraco)","high","umbraco-media-path; dbu-viewport"
"Bagterp IF","http://www.bagterp.dk/","dbu-klubcms","DBU Klub-CMS (Umbraco)","high","umbraco-media-path; dbu-viewport"
"B1913","http://www.b1913.dk/","custom","WordPress","high","platform:WordPress; generator:WordPress 7.0"
"Ballerup-Skovlunde Fodbold","http://www.bsfodbold.dk/","dbu-klubcms","DBU Klub-CMS (Umbraco)","medium","umbraco-media-path"
"Bagsværd BK","http://www.bagsvaerdboldklub.dk/","dbu-klubcms","DBU Klub-CMS (Umbraco)","high","umbraco-media-path; dbu-viewport; file.dbu.dk-club-logos; kampvisning-poolrowid"
"Bevtoft IF","http://www.buif.gominisite.dk/","unknown","","low",""
"Bangsbo Freja","http://www.bangsbofreja.dk/","dbu-klubcms","DBU Klub-CMS (Umbraco)","high","umbraco-media-path; dbu-viewport; file.dbu.dk-club-logos; kampvisning-poolrowid"
"Benløse IF","http://www.benloseif.dk/","unknown","","low",""
"BFC Lundegården","http://www.bfcl.dk/","unknown","","low",""
"Biersted IF","http://www.bierstedif.dk/","custom","SPA/tom HTML","low","empty-or-spa-shell"
"Balle Musik- og Idrætsefterskole","http://www.balle-efterskole.dk/","custom","WordPress","high","platform:WordPress; generator:WordPress 7.0"
"BGI Akademiet","http://www.bgi.dk/","custom","WordPress","high","platform:WordPress"
"Billund IF","http://www.billundfodbold.dk/","dbu-klubcms","DBU Klub-CMS (Umbraco)","high","umbraco-media-path; dbu-viewport; file.dbu.dk-club-logos; kampvisning-poolrowid"
"Birket Boldklub","http://www.birketboldklub.dk/","unreachable","","n/a","fetch failed"
"Birkende BK","http://www.birkendeboldklub.dk/","custom","Wix","high","platform:Wix; generator:Wix.com Website Builder"
"Bindslev/Tversted IF","http://www.bti-if.dk/","unknown","","low",""
"Bjert IF","http://www.bjertif.dk/","unreachable","","n/a","fetch failed"
"Birkelse IF","http://www.birkelse-if.dk/","dbu-klubcms","DBU Klub-CMS (Umbraco)","high","umbraco-media-path; dbu-viewport"
"Bedsted IF","http://www.bedstedif.dk/","unknown","","low",""
"Bispebjerg Boldklub","http://www.bispebjergboldklub.dk/","dbu-klubcms","DBU Klub-CMS (Umbraco)","high","umbraco-media-path; dbu-viewport"
"BK Avarta","http://www.avarta.dk/","dbu-klubcms","DBU Klub-CMS (Umbraco)","high","umbraco-media-path; dbu-viewport"
"Bedsted UIF","http://www.bedstedsogn.dk/","custom","WordPress","high","platform:WordPress; generator:WordPress 6.9.4"
"Bjerringbro IF","http://www.bjerringbroif.dk/","dbu-klubcms","DBU Klub-CMS (Umbraco)","high","umbraco-media-path; dbu-viewport; file.dbu.dk-club-logos; kampvisning-poolrowid"
"BK Vestfyn","http://www.bkvestfyn.dk/","unreachable","","n/a","fetch failed"
"BK Friheden","http://www.bkfriheden.dk/","dbu-klubcms","DBU Klub-CMS (Umbraco)","high","umbraco-media-path; dbu-viewport; file.dbu.dk-club-logos; kampvisning-poolrowid"
"BK Stjernen af 1968","http://www.bkstjernen.dk/","dbu-klubcms","DBU Klub-CMS (Umbraco)","high","umbraco-media-path; dbu-viewport; file.dbu.dk-club-logos; kampvisning-poolrowid"
"BK Vest, Rødovre","http://www.bk-vest.dk/","dbu-klubcms","DBU Klub-CMS (Umbraco)","high","umbraco-media-path; dbu-viewport"
"Blenstrup IF","http://www.blenstrup-if.dk/","custom","Wix","high","platform:Wix"
"Bolbro GIF","http://www.bolbrogif.dk/","dbu-klubcms","DBU Klub-CMS (Umbraco)","medium","umbraco-media-path"
"BK Frem (professional)","http://www.bkfrem.dk/","custom","WordPress","high","platform:WordPress; generator:Elementor 4.0.9; features: additional_custom_breakpoints; settings: css_print_method-external, google_font-enabled, font_display-auto"
"Boeslunde BK","http://www.boeslundeboldklub.dk/","unknown","","low","generator:Webnode 2"
"Bogense G & IF","http://www.bgfodbold.dk/","dbu-klubcms","DBU Klub-CMS (Umbraco)","high","umbraco-media-path; dbu-viewport"
"Boldklubben af 1893","http://fodbold.b93.dk/","custom","WordPress","high","platform:WordPress"
"Boldklubben 1903","http://www.b1903.dk/","dbu-klubcms","DBU Klub-CMS (Umbraco)","high","umbraco-media-path; dbu-viewport"
"Bjerregrav B","http://www.bjerregrav-boldklub.dk/","custom","WordPress","high","platform:WordPress; generator:WordPress 6.9.4"
"Blovstrød IF","http://www.blovstrod-if.dk/","dbu-klubcms","DBU Klub-CMS (Umbraco)","high","umbraco-media-path; dbu-viewport"
"Boldklubben 1908","http://www.b1908.dk/","dbu-klubcms","DBU Klub-CMS (Umbraco)","high","umbraco-media-path; dbu-viewport"
"BK Posten","http://www.bkposten.dk/","dbu-klubcms","DBU Klub-CMS (Umbraco)","high","umbraco-media-path; dbu-viewport"
"Boldklubben Enghaven","http://www.bk-enghaven.dk/","dbu-klubcms","DBU Klub-CMS (Umbraco)","high","umbraco-media-path; dbu-viewport"
"Boldklubben Fix","http://www.boldklubbenfix.dk/","dbu-klubcms","DBU Klub-CMS (Umbraco)","high","umbraco-media-path; dbu-viewport"
"Avedøre IF","http://www.avedorefodbold.dk/","custom","WordPress","high","platform:WordPress; generator:WordPress 7.0"
"Boldklubben Klitten","http://boldklubbenklitten.dk/","unreachable","","n/a","fetch failed"
"Boldklubben Heimdal","https://www.holdsport.net/klub/boldklubben-heimdal","unknown","","low",""
"Boldklubben Frem","http://bkfrem.dk/","custom","WordPress","high","platform:WordPress; generator:Elementor 4.0.9; features: additional_custom_breakpoints; settings: css_print_method-external, google_font-enabled, font_display-auto"
"Boldklubben anno 2007","http://www.facebook.com/BKanno2007","custom","Shopify","medium","platform:Shopify"
"Boldklubben Pioneren","http://www.pioneren.dk/","custom","SPA/tom HTML","low","empty-or-spa-shell"
"Boldklubben Fremad Valby","http://www.fremadvalby.dk/","dbu-klubcms","DBU Klub-CMS (Umbraco)","high","umbraco-media-path; dbu-viewport"
"Boldklubben Fremad Amager","http://www.fremad-amager.dk/","dbu-klubcms","DBU Klub-CMS (Umbraco)","high","umbraco-media-path; dbu-viewport"
"Boldklubben Marienlyst","http://www.b-marienlyst.dk/","dbu-klubcms","DBU Klub-CMS (Umbraco)","high","umbraco-media-path; dbu-viewport"
"Boldklubben Døvania","http://www.dovania.dk/","unreachable","","n/a","fetch failed"
"Boldklubben Hekla","http://www.bkhekla.dk/","dbu-klubcms","DBU Klub-CMS (Umbraco)","high","umbraco-media-path; dbu-viewport; file.dbu.dk-club-logos; kampvisning-poolrowid"
"Boldklubben Sundby KFUM","http://www.sundby-kfum.dk/","unreachable","","n/a","fetch failed"
"Boldklubben Vestkysten","http://www.bvoksbol.dk/","unknown","","low","generator:Microsoft FrontPage 6.0"
"Boldklubben Volvox","http://www.volvox.dk/","unknown","","low",""
"Boldklubben Skjold","http://www.bkskjold.dk/","custom","Squarespace","high","platform:Squarespace"
"Boldklubben Stefan","http://www.bkstefan.dk/","dbu-klubcms","DBU Klub-CMS (Umbraco)","high","umbraco-media-path; dbu-viewport"
"Boldklubben Rødovre","http://www.bkrodovre.dk/","dbu-klubcms","DBU Klub-CMS (Umbraco)","high","umbraco-media-path; dbu-viewport"
"Boldklubben Union","http://www.bkunion.dk/","dbu-klubcms","DBU Klub-CMS (Umbraco)","high","umbraco-media-path; dbu-viewport"
"Bork FK","http://www.borkfk.dk/","unknown","","low",""
"Borup IF (J)","http://www.borupif.dk/","unknown","","low","generator:ideal.shop"
"Boldklubben Olympia 1921","http://www.bkolympia1921.dk/","dbu-klubcms","DBU Klub-CMS (Umbraco)","high","umbraco-media-path; dbu-viewport; file.dbu.dk-club-logos; kampvisning-poolrowid; kampfakta-resource"
"Bording IF","http://www.bordingif.dk/","dbu-klubcms","DBU Klub-CMS (Umbraco)","high","umbraco-media-path; dbu-viewport; file.dbu.dk-club-logos; kampvisning-poolrowid"
"Brabrand IF","http://www.brabrand-fodbold.dk/","dbu-klubcms","DBU Klub-CMS (Umbraco)","high","umbraco-media-path; dbu-viewport; file.dbu.dk-club-logos; kampvisning-poolrowid"
"Borup IF Fodbold","http://www.borupfodbold.dk/","dbu-klubcms","DBU Klub-CMS (Umbraco)","high","umbraco-media-path; dbu-viewport"
"Bov IF","http://fodbold.bovif.dk/","unknown","","low",""
"Boldklubben VLI","http://www.vlifodbold.dk/","custom","WordPress","high","platform:WordPress; generator:WordPress 7.0"
"Borsholm-Skibstrup IF","http://www.borsholm.dk/","custom","WordPress","high","platform:WordPress; generator:WordPress 7.0"
"Bramsnæs FB","http://www.bramsnaesfb.dk/","dbu-klubcms","DBU Klub-CMS (Umbraco)","high","umbraco-media-path; dbu-viewport"
"Bramming B","http://www.brammingboldklub.dk/","unknown","","low","generator:Webnode 2"
"Bredballe IF","http://www.bredballe-if.dk/fodbold/","custom","WordPress","high","platform:WordPress; generator:Elementor 4.1.3; features: e_font_icon_svg, additional_custom_breakpoints; settings: css_print_method-external, google_font-enabled, font_display-swap"
"Brabrand IF (professional)","http://www.brabrandfodbold.dk/","custom","Joomla","medium","platform:Joomla; generator:Joomla! - Open Source Content Management"
"Brovst IF","http://www.brovst-if.dk/","unreachable","","n/a","fetch failed"
"Brande IF","http://www.brande-if.dk/","dbu-klubcms","DBU Klub-CMS (Umbraco)","high","umbraco-media-path; dbu-viewport"
"Bramdrupdam GIF","http://www.bgif.dk/","custom","WordPress","high","platform:WordPress; generator:WordPress 7.0"
"Bryrup IF","http://www.bryrupif.dk/","unreachable","","n/a","fetch failed"
"Brede IF","http://www.brede-if.dk/","dbu-klubcms","DBU Klub-CMS (Umbraco)","high","umbraco-media-path; dbu-viewport; file.dbu.dk-club-logos; kampvisning-poolrowid"
"Branderslev IF","http://www.branderslevif.dk/","dbu-klubcms","DBU Klub-CMS (Umbraco)","high","umbraco-media-path; dbu-viewport"
"Broager UI","http://www.bui-fodbold.dk/","dbu-klubcms","DBU Klub-CMS (Umbraco)","high","umbraco-media-path; dbu-viewport; file.dbu.dk-club-logos; kampvisning-poolrowid; kampfakta-resource; template-default-dbu-mail"
"Brylle BK","http://www.bryllebk.dk/","dbu-klubcms","DBU Klub-CMS (Umbraco)","high","umbraco-media-path; dbu-viewport; file.dbu.dk-club-logos; kampvisning-poolrowid"
"Brødeskov IF","http://www.broedeskov.dk/","unknown","","low","generator:One.com Web Editor"
"Bruunshåb-Tapdrup-Arnbjerg IF","http://www.bt-if.dk/","unknown","","low",""
"Boldklubben Vestia","http://www.vestia.dk/","custom","WordPress","high","platform:WordPress; generator:WordPress 5.9.13"
"BUF Horsens","http://www.bufhorsens.dk/","unknown","","low","generator:One.com Web Editor"
"Brædstrup IF","http://braedstrupiffodbold.dk/","dbu-klubcms","DBU Klub-CMS (Umbraco)","high","umbraco-media-path; dbu-viewport; file.dbu.dk-club-logos; kampvisning-poolrowid"
"Brønderslev IF","http://www.bi-fodbold.dk/","dbu-klubcms","DBU Klub-CMS (Umbraco)","high","umbraco-media-path; dbu-viewport"
"Brøndbyernes IF","http://www.brondbyif.net/","dbu-klubcms","DBU Klub-CMS (Umbraco)","high","umbraco-media-path; dbu-viewport"
"Bække SF","http://www.baekke.dk/","unknown","","low",""
"Bøvling UF","http://www.boevlingik.dk/","unknown","","low","generator:One.com Web Editor"
"Brønshøj Boldklub","http://www.bronshojboldklub.dk/","dbu-klubcms","DBU Klub-CMS (Umbraco)","high","umbraco-media-path; dbu-viewport; file.dbu.dk-club-logos; kampvisning-poolrowid"
"Bøvling Idrætsefterskole","http://www.bi-efterskole.dk/","dbu-klubcms","DBU Klub-CMS (Umbraco)","medium","umbraco-media-path"
"Christiania Sports Club","http://www.cscfodbold.dk/","custom","Wix","high","platform:Wix; generator:Wix.com Website Builder"
"CBS Sport","http://www.cbssport.dk/","custom","WordPress","high","platform:WordPress; generator:WordPress 7.0"
"Christiansbjerg IF","http://www.cif-fodbold.dk/","unknown","","low",""
"Båring GF","http://båringgf.dk/","custom","WordPress","high","platform:WordPress; generator:WordPress 6.1.10"
"Brøndby Strand IK","http://bsifodbold.dk/","custom","WordPress","high","platform:WordPress; generator:WordPress 7.0"
"Christiansfeld IF","http://www.christiansfeldif.dk/","custom","WordPress","high","platform:WordPress; generator:WP Rocket 3.20.1.2"
"DAI - Fodbold","http://www.dai-kbh.dk/","custom","SPA/tom HTML","low","empty-or-spa-shell"
"Dalby GF","http://www.dalbygf.klub-modul.dk/","unknown","","low",""
"Bredebro IF","http://www.bredebro-if.dk/","custom","WordPress","high","platform:WordPress; generator:WordPress 7.0"
"Dalby GI (H)","http://www.dalbysport.dk/","custom","SPA/tom HTML","low","empty-or-spa-shell"
"Copenhagen Celtic","http://www.copenhagenceltic.com/","custom","SPA/JS-framework","medium","platform:SPA/JS-framework"
"Dalby IF / HFK fodbold","http://dalby1901.dk/","unknown","","low",""
"Dalum IF","http://www.dalumif.dk/","dbu-klubcms","DBU Klub-CMS (Umbraco)","high","umbraco-media-path; dbu-viewport"
"Dalby IF","http://www.dalbyif.dk/","dbu-klubcms","DBU Klub-CMS (Umbraco)","high","umbraco-media-path; dbu-viewport"
"Dana Cup Sports Center","http://www.danacupsportscenter.dk/","custom","WordPress","high","platform:WordPress; generator:WordPress 7.0"
"Dejbjerglund Efterskole","http://www.dejbjerglund.dk/","custom","WordPress","high","platform:WordPress"
"Christianshavns Idræts Klub","http://www.cik-fodbold.dk/","dbu-klubcms","DBU Klub-CMS (Umbraco)","high","umbraco-media-path; dbu-viewport"
"Design- & Idrætsefterskolen Skamling","http://www.skamling.dk/","custom","WordPress","high","platform:WordPress; generator:Site Kit by Google 1.178.0"
"Darum IF","http://www.darumif.dk/","unknown","","low",""
"Brøruphus Efterskole","http://www.broeruphus.dk/","custom","WordPress","high","platform:WordPress; generator:WordPress 7.0"
"DGI Midtjylland","http://www.dgi.dk/fodbold/midtjylland","unknown","","low",""
"Dianalund IF","http://www.dianalundfodbold.dk/","dbu-klubcms","DBU Klub-CMS (Umbraco)","high","umbraco-media-path; dbu-viewport"
"Djurslands Efterskole","http://www.djurslands-efterskole.dk/","dbu-klubcms","DBU Klub-CMS (Umbraco)","medium","umbraco-media-path"
"Dragør Boldklub","http://www.dragoer-boldklub.dk/","custom","SPA/tom HTML","low","empty-or-spa-shell"
"Doense/Vebbestrup IF","http://www.dvif.dk/","unknown","","low","generator:Go2Net.dk CMS v5"
"Døllefjelde Musse IF","http://www.musse.dk/","dbu-klubcms","DBU Klub-CMS (Umbraco)","high","umbraco-media-path; dbu-viewport; file.dbu.dk-club-logos; kampvisning-poolrowid; kampfakta-resource"
"Dronninglund IF","http://www.diffodbold.dk/","dbu-klubcms","DBU Klub-CMS (Umbraco)","high","umbraco-media-path; dbu-viewport"
"DGF Flensborg","http://www.dgf-flensborg.de/","custom","TYPO3","medium","platform:TYPO3; generator:TYPO3 CMS"
"Dall-Ferslev IF","http://www.dallferslev-if.dk/","custom","WordPress","high","platform:WordPress; generator:All in One SEO (AIOSEO) 4.9.4.1"
"Ebberup IF","http://www.ebberup-if.dk/","unknown","","low",""
"Dronningborg B","http://www.dbfodbold.dk/","dbu-klubcms","DBU Klub-CMS (Umbraco)","high","umbraco-media-path; dbu-viewport; file.dbu.dk-club-logos; kampvisning-poolrowid"
"Egebjerg Fodbold","http://www.egebjerg-fodbold.dk/","dbu-klubcms","DBU Klub-CMS (Umbraco)","high","umbraco-media-path; dbu-viewport"
"Egen UI","http://www.eui.dk/","unknown","","low",""
"Efterskolen Ådalen","http://www.efterskolen-aadalen.dk/","custom","WordPress","high","platform:WordPress; generator:WordPress 7.0"
"Egmont Rollators FC","http://www.egmontrollatorsfc.dk/","unknown","","low","generator:Webnode 2"
"Egebjerg IF","http://www.egebjerg-if.dk/","dbu-klubcms","DBU Klub-CMS (Umbraco)","high","umbraco-media-path; dbu-viewport"
"Ebeltoft IF","http://www.ebeltoftfodbold.dk/","dbu-klubcms","DBU Klub-CMS (Umbraco)","high","umbraco-media-path; dbu-viewport"
"De 7 Dale Idrætsforening","https://de7dale-if.dk/","custom","WordPress","high","platform:WordPress; generator:WordPress 7.0"
"Ejstrupholm IF","http://www.ejstrupholmif.dk/","unreachable","","n/a","fetch failed"
"Endeslev-Vråby IF","http://www.evif.dk/","unreachable","","n/a","fetch failed"
"Egtved IF","http://www.egtvedif.dk/dk/fodbold/","dbu-klubcms","DBU Klub-CMS (Umbraco)","high","umbraco-media-path; dbu-viewport"
"Ejby IK","http://www.ejbyik.dk/","unknown","","low",""
"Elbæk Efterskole","http://www.elbaek-efterskole.dk/","unknown","","low",""
"Ejby IF 1968","http://www.ejbyif68.dk/","dbu-klubcms","DBU Klub-CMS (Umbraco)","high","umbraco-media-path; dbu-viewport"
"Esbjerg Firmaidræt","http://www.esbjerg-firmaidraet.dk/","dbu-klubcms","DBU Klub-CMS (Umbraco)","medium","umbraco-media-path"
"Ejby IF Fodbold","http://www.ejbyiffodbold.dk/","dbu-klubcms","DBU Klub-CMS (Umbraco)","high","umbraco-media-path; dbu-viewport"
"Esbjerg fB","http://www.efb.dk/","custom","WordPress","high","platform:WordPress; generator:WordPress 6.9.4"
"Eskilstrup BK","http://www.eskilstrupboldklub.dk/","custom","WordPress","high","platform:WordPress; generator:Powered by LayerSlider 6.10.0 - Multi-Purpose, Responsive, Parallax, Mobile-Friendly Slider Plugin for WordPress."
"Erritsø GIF","http://www.egif-fodbold.dk/","dbu-klubcms","DBU Klub-CMS (Umbraco)","high","umbraco-media-path; dbu-viewport; file.dbu.dk-club-logos; kampvisning-poolrowid"
"Esrum IF","http://www.esrumif.dk/","dbu-klubcms","DBU Klub-CMS (Umbraco)","high","umbraco-media-path; dbu-viewport"
"Esbjerg IF 92","http://www.if92fodbold.dk/","dbu-klubcms","DBU Klub-CMS (Umbraco)","high","umbraco-media-path; dbu-viewport; file.dbu.dk-club-logos; kampvisning-poolrowid"
"FA 2000","http://www.frederiksbergalliancen.dk/","dbu-klubcms","DBU Klub-CMS (Umbraco)","high","umbraco-media-path; dbu-viewport"
"F.C. Gladsaxe","http://www.fcgladsaxe.dk/","dbu-klubcms","DBU Klub-CMS (Umbraco)","high","umbraco-media-path; dbu-viewport"
"Fanø B","http://www.fanøboldklub.dk/","dbu-klubcms","DBU Klub-CMS (Umbraco)","high","umbraco-media-path; dbu-viewport; file.dbu.dk-club-logos; kampvisning-poolrowid; kampfakta-resource"
"F.C. Lange Bolde","http://www.fclangebolde.dk/","custom","WordPress","high","platform:WordPress; generator:WordPress 6.7.2"
"Farsø/Ullits IK","http://www.fuik.dk/","dbu-klubcms","DBU Klub-CMS (Umbraco)","high","umbraco-media-path; dbu-viewport; file.dbu.dk-club-logos; kampvisning-poolrowid"
"Farum BK","http://www.farum-boldklub.dk/","dbu-klubcms","DBU Klub-CMS (Umbraco)","high","umbraco-media-path; dbu-viewport; file.dbu.dk-club-logos; kampvisning-poolrowid"
"FC Avrasya","http://www.avrasya.dk/","custom","WordPress","high","platform:WordPress"
"FC Bøgeskov","http://www.fcbøgeskov.dk/","unreachable","","n/a","fetch failed"
"Faxe BK","https://faxeboldklub.dk/","unknown","","low",""
"Errindlev G & I","http://www.egi.dk/","custom","WordPress","high","platform:WordPress; generator:Elementor 4.1.4; features: e_font_icon_svg, additional_custom_breakpoints; settings: css_print_method-external, google_font-enabled, font_display-swap"
"Dansk Træner Union","http://www.dtunet.dk/","custom","WordPress","high","platform:WordPress; generator:Powered by Slider Revolution 6.7.57 - responsive, Mobile-Friendly Slider Plugin for WordPress with comfortable drag and drop interface."
"FC Dunav","http://www.fcdunav.dk/","unreachable","","n/a","fetch failed"
"FC Broby","http://www.fcbroby.dk/","dbu-klubcms","DBU Klub-CMS (Umbraco)","high","umbraco-media-path; dbu-viewport; file.dbu.dk-club-logos; kampvisning-poolrowid"
"FC Culpa","http://www.fcculpa.dk/","unknown","","low",""
"FC Campus","http://www.fccampus.dk/","unknown","","low","generator:Webnode 2"
"FC BiH Odense","http://www.facebook.dk/FcBihOdense","custom","Shopify","medium","platform:Shopify"
"FC Faaborg","http://www.fcfaaborg.dk/","dbu-klubcms","DBU Klub-CMS (Umbraco)","high","umbraco-media-path; dbu-viewport"
"FC Glesborg","http://www.fc-glesborg.dk/","custom","Joomla","medium","platform:Joomla"
"FC Hjallese","http://www.fchjallese.dk/","custom","WordPress","high","platform:WordPress; generator:WordPress 7.0"
"FC Hvidovre","http://www.fchvidovre.dk/","unknown","","low",""
"FC Holte","http://www.fcholte.dk/","dbu-klubcms","DBU Klub-CMS (Umbraco)","high","umbraco-media-path; dbu-viewport"
"FC Kurant","http://www.fckurant.dk/","custom","SPA/tom HTML","low","empty-or-spa-shell"
"Faxe Ladeplads IF","http://www.fli.dk/","custom","SPA/JS-framework","medium","platform:SPA/JS-framework"
"FC King George","http://www.fckg.dk/","dbu-klubcms","DBU Klub-CMS (Umbraco)","high","umbraco-media-path; dbu-viewport"
"FC Horsens","http://www.fchorsens.dk/","dbu-klubcms","DBU Klub-CMS (Umbraco)","high","umbraco-media-path; dbu-viewport; file.dbu.dk-club-logos; kampvisning-poolrowid"
"FC Lejre","http://www.fclejre.dk/","dbu-klubcms","DBU Klub-CMS (Umbraco)","high","umbraco-media-path; dbu-viewport"
"FC Nakskov","http://www.fcnakskov.dk/","dbu-klubcms","DBU Klub-CMS (Umbraco)","high","umbraco-media-path; dbu-viewport; file.dbu.dk-club-logos; kampvisning-poolrowid"
"FC Jonstrup","http://www.fcjonstrup.dk/","dbu-klubcms","DBU Klub-CMS (Umbraco)","high","umbraco-media-path; dbu-viewport"
"FC Nanoq","http://www.fcnanoq.dk/","custom","SPA/tom HTML","low","empty-or-spa-shell"
"FC Odense","http://www.fcodense.dk/","unknown","","low","generator:Bricksite"
"FC Nyhavn","http://www.facebook.com/FCNyhavn/","custom","Shopify","medium","platform:Shopify"
"FC Ryparken","http://www.fcryparken.dk/","custom","SPA/tom HTML","low","empty-or-spa-shell"
"FC SevenOaks","http://www.fcsevenoaks.dk/","unreachable","","n/a","fetch failed"
"FC Helsingør","http://www.fchtalent.dk/","custom","WordPress","high","platform:WordPress; generator:WordPress 7.0"
"FC Storebælt","http://www.fcstorebaelt.dk/","dbu-klubcms","DBU Klub-CMS (Umbraco)","high","umbraco-media-path; dbu-viewport"
"FC Skanderborg","http://www.fcskanderborg.dk/","dbu-klubcms","DBU Klub-CMS (Umbraco)","high","umbraco-media-path; dbu-viewport; file.dbu.dk-club-logos; kampvisning-poolrowid; template-default-dbu-mail"
"Espergærde IF","http://www.eif-fodbold.dk/","custom","WordPress","high","platform:WordPress; generator:WordPress 7.0"
"FC Roskilde (professional)","http://www.fc-roskilde.dk/","custom","WordPress","high","platform:WordPress; generator:WordPress 7.0"
"FC Udfordringen","http://www.fcudfordringen.dk/","unknown","","low",""
"FC Rangers","http://www.fcrangers.dk/","custom","WordPress","high","platform:WordPress; generator:WordPress 7.0"
"FC Ypsilon","http://www.fcy.dk/","unknown","","low",""
"FF Klettar","http://www.ffklettar.dk/","unreachable","","n/a","fetch failed"
"Felsted IF","http://www.felsted-if.dk/","custom","SPA/tom HTML","low","empty-or-spa-shell"
"FC Royal","http://www.facebook.com/FC.Royal.Fodbold.Aarhus","custom","Shopify","medium","platform:Shopify"
"FC Sydvest 05 Tønder (professional)","http://www.fcsydvest.dk/","custom","WordPress","high","platform:WordPress"
"FCH 6100","http://www.fch6100.dk/","custom","WordPress","high","platform:WordPress; generator:WordPress 6.7.5"
"FIF, Hillerød","http://www.fif-hillerod.dk/","dbu-klubcms","DBU Klub-CMS (Umbraco)","high","umbraco-media-path; dbu-viewport"
"Filskov IF","http://www.filskov-if.dk/","unknown","","low",""
"Fjerritslev IF","http://www.fiffodbold.dk/","dbu-klubcms","DBU Klub-CMS (Umbraco)","high","umbraco-media-path; dbu-viewport"
"FK Odsherred","http://www.fkodsherred.dk/","custom","SPA/tom HTML","low","empty-or-spa-shell"
"Fjordager IF","http://www.fjordagerfodbold.dk/","dbu-klubcms","DBU Klub-CMS (Umbraco)","high","umbraco-media-path; dbu-viewport"
"Flemløse BK","http://www.flemloese-boldklub.dk/","custom","SPA/tom HTML","low","empty-or-spa-shell"
"Feldborg/Haderup IF","http://www.fhif.dk/","dbu-klubcms","DBU Klub-CMS (Umbraco)","high","umbraco-media-path; dbu-viewport"
"FK Utopia","http://www.fkutopia.dk/","custom","WordPress","high","platform:WordPress; generator:WordPress 7.0"
"FLUIF-MORS","http://www.fluif.dk/","unknown","","low",""
"FK 73","http://www.fk73.dk/","custom","WordPress","high","platform:WordPress; generator:WordPress 6.9.4"
"Fjelsted/Harndrup IF","http://www.fjelstedharndrup-if.dk/","unknown","","low",""
"Football Club Vietnam","http://www.fcvn.dk/","unreachable","","n/a","fetch failed"
"Fodboldklubben Prespa","http://www.fkprespa.dk/","unknown","","low",""
"Fjorden IF","http://www.iffjorden.dk/","custom","WordPress","high","platform:WordPress; generator:WordPress 6.8.5"
"FK Sydsjælland 05","http://www.fk05.dk/","custom","WordPress","high","platform:WordPress; generator:WordPress 7.0"
"FodboldHoldet Herning","http://www.fhherning.dk/","custom","WordPress","high","platform:WordPress; generator:WordPress.com"
"FC Damsø","http://www.fcdamsoe.dk/","custom","WordPress","high","platform:WordPress"
"Fortuna Hjørring (professional)","http://www.fortunahjorring.dk/","custom","WordPress","high","platform:WordPress; generator:WordPress 7.0"
"Fortuna Hjørring","http://www.fortunahjorring.dk/","custom","WordPress","high","platform:WordPress; generator:WordPress 7.0"
"Fr.holm Sydhavnen","http://www.boldklubbenfrederiksholmsydhavnen.dk/","unknown","","low","generator:Webnode 2"
"Foulum IF","http://www.foulumif.dk/","dbu-klubcms","DBU Klub-CMS (Umbraco)","high","umbraco-media-path; dbu-viewport; file.dbu.dk-club-logos; kampvisning-poolrowid; kampfakta-resource"
"Fodboldklubben Sorø Freja","http://www.sorøfreja.dk/","dbu-klubcms","DBU Klub-CMS (Umbraco)","high","umbraco-media-path; dbu-viewport"
"Fortuna Svendborg","http://www.fortuna-svendborg.dk/","dbu-klubcms","DBU Klub-CMS (Umbraco)","high","umbraco-media-path; dbu-viewport; file.dbu.dk-club-logos; kampvisning-poolrowid"
"Fløng-Hedehusene Fodbold","http://www.fhfodbold.dk/","dbu-klubcms","DBU Klub-CMS (Umbraco)","high","umbraco-media-path; dbu-viewport; file.dbu.dk-club-logos; kampvisning-poolrowid"
"Fredericia KFUM","http://www.fredericiakfum.dk/","dbu-klubcms","DBU Klub-CMS (Umbraco)","high","umbraco-media-path; dbu-viewport"
"Frederikshavn fI","http://www.ffifodbold.dk/","custom","TYPO3","medium","platform:TYPO3; generator:TYPO3 CMS"
"Frederiksberg Boldklub","http://www.frederiksberg-boldklub.dk/","dbu-klubcms","DBU Klub-CMS (Umbraco)","high","umbraco-media-path; dbu-viewport"
"Fredericia fF","http://www.fredericiaff.dk/","dbu-klubcms","DBU Klub-CMS (Umbraco)","high","umbraco-media-path; dbu-viewport; file.dbu.dk-club-logos; kampvisning-poolrowid"
"Funder GF","http://www.fundergffodbold.dk/","unreachable","","n/a","fetch failed"
"Fredensborg BI","http://fbi-bold.dk/","dbu-klubcms","DBU Klub-CMS (Umbraco)","high","umbraco-media-path; dbu-viewport; file.dbu.dk-club-logos; kampvisning-poolrowid"
"Fuglebjerg IF","https://fuglebjergif.dk/afdelinger/fodbold/tilmeld","custom","WordPress","high","platform:WordPress; generator:Site Kit by Google 1.181.0"
"Fuglebakken KFUM Århus","http://www.fuglebakkenkfum.dk/","dbu-klubcms","DBU Klub-CMS (Umbraco)","high","umbraco-media-path; dbu-viewport; file.dbu.dk-club-logos; kampvisning-poolrowid"
"Frem Hellebæk","http://www.ifh-fodbold.dk/","dbu-klubcms","DBU Klub-CMS (Umbraco)","high","umbraco-media-path; dbu-viewport; file.dbu.dk-club-logos; kampvisning-poolrowid; kampfakta-resource"
"Fremad Amager Elite (professional)","http://www.fremad-amager.dk/","dbu-klubcms","DBU Klub-CMS (Umbraco)","high","umbraco-media-path; dbu-viewport"
"Futsal Club Fjordbold","http://www.fcfjordbold.dk/","custom","SPA/tom HTML","low","empty-or-spa-shell"
"Fynslund B","http://www.fynslundboldklub.dk/","custom","SPA/JS-framework","medium","platform:SPA/JS-framework"
"Førslev IF","http://www.forslevif.dk/","custom","SPA/tom HTML","low","empty-or-spa-shell"
"Frederiksværk Fodbold Klub","http://www.ffk-fodbold.dk/","dbu-klubcms","DBU Klub-CMS (Umbraco)","high","umbraco-media-path; dbu-viewport"
"Føvling/Stenderup UI","http://www.fsui.dk/","custom","WordPress","high","platform:WordPress; generator:WordPress 4.9.26"
"Gadevang IF","http://www.gadevang-if.dk/","custom","SPA/JS-framework","medium","platform:SPA/JS-framework"
"Gandrup SK","http://www.gandrup-sportsklub.dk/","dbu-klubcms","DBU Klub-CMS (Umbraco)","high","umbraco-media-path; dbu-viewport"
"Fursund IF","http://www.fursundif.dk/","custom","WordPress","high","platform:WordPress; generator:WordPress 7.0"
"Galten FS","http://galtenfsfodbold.dk/","dbu-klubcms","DBU Klub-CMS (Umbraco)","high","umbraco-media-path; dbu-viewport; file.dbu.dk-club-logos; kampvisning-poolrowid; kampfakta-resource"
"Gelsted G & IF","http://www.ggif-fyn.dk/","custom","WordPress","high","platform:WordPress; generator:WordPress 7.0"
"Gedved IF","http://www.gedved-if.dk/","custom","Joomla","medium","platform:Joomla"
"Gesten IF","http://www.gesten-if.dk/","unknown","","low",""
"Gauerslund IF","http://www.gauerslundiffodbold.dk/","dbu-klubcms","DBU Klub-CMS (Umbraco)","high","umbraco-media-path; dbu-viewport; file.dbu.dk-club-logos; kampvisning-poolrowid"
"GFG Voel","http://www.gfg-voel.dk/","unknown","","low",""
"Gevninge IF","http://www.gevninge-fodbold.dk/","dbu-klubcms","DBU Klub-CMS (Umbraco)","high","umbraco-media-path; dbu-viewport"
"Fårevejle BK","http://www.faarevejle-bk.dk/","custom","WordPress","high","platform:WordPress; generator:WordPress 6.7.5"
"Gentofte-Vangede Idrætsforening","http://www.gvi-fodbold.dk/","dbu-klubcms","DBU Klub-CMS (Umbraco)","high","umbraco-media-path; dbu-viewport"
"Gilleleje FK","http://www.gillelejefodboldklub.dk/","dbu-klubcms","DBU Klub-CMS (Umbraco)","high","umbraco-media-path; dbu-viewport; file.dbu.dk-club-logos; kampvisning-poolrowid"
"Give Fremad","http://www.givefremad.dk/","dbu-klubcms","DBU Klub-CMS (Umbraco)","high","umbraco-media-path; dbu-viewport"
"Giovani Hajduk","http://www.hajduk.dk/","custom","WordPress","high","platform:WordPress; generator:WordPress 5.7.15"
"Frederikssund IK","http://www.fikfodbold.dk/","dbu-klubcms","DBU Klub-CMS (Umbraco)","high","umbraco-media-path; dbu-viewport"
"Givskud GUF","http://www.givskud.dk/","unknown","","low",""
"GIF-Gram","http://www.gramif.dk/","custom","WordPress","high","platform:WordPress; generator:WordPress 7.0"
"Glostrup 95","http://www.glostrup95.dk/","unreachable","","n/a","fetch failed"
"Gjern IF","http://www.gjern-if.dk/","unknown","","low",""
"Gl. Rye IF","http://www.glryeif.dk/","unknown","","low",""
"Fårvang IF","http://www.hfif.dk/","custom","WordPress","high","platform:WordPress; generator:WordPress 7.0"
"Grantoften IF","http://www.grantoften-if.klub-modul.dk/","unknown","","low",""
"Gladsaxe-Hero BK","http://www.gladsaxe-hero.dk/","dbu-klubcms","DBU Klub-CMS (Umbraco)","high","umbraco-media-path; dbu-viewport"
"Glamsbjerg IF","http://www.glamsbjergif.dk/","dbu-klubcms","DBU Klub-CMS (Umbraco)","high","umbraco-media-path; dbu-viewport; file.dbu.dk-club-logos; kampvisning-poolrowid; kampfakta-resource"
"Føllenslev-Særslev IF","http://www.fsifodbold.dk/","custom","WordPress","high","platform:WordPress; generator:WordPress 7.0"
"Gredstedbro B","http://www.gredstedbrob.dk/","custom","WordPress","high","platform:WordPress; generator:WordPress 7.0"
"Glostrup FK - IF 32","http://www.glostrupfodbold.dk/","dbu-klubcms","DBU Klub-CMS (Umbraco)","high","umbraco-media-path; dbu-viewport"
"Grejs-Dalen Idrætsklub","http://www.gdik.dk/","custom","Joomla","medium","platform:Joomla"
"Gislinge BK","http://www.gislingeboldklub.dk/","custom","WordPress","high","platform:WordPress; generator:Elementor 3.35.9; settings: css_print_method-internal, google_font-enabled, font_display-auto"
"Grønbjerg Aktiv Fritid For Alle","http://www.groenbjerg-aktiv.dk/fodbold.html","unknown","","low",""
"Græsted IF","http://www.græstedif.dk/","dbu-klubcms","DBU Klub-CMS (Umbraco)","high","umbraco-media-path; dbu-viewport"
"Grønbjerg/Langelund IF","http://www.gliffodbold.dk/","unreachable","","n/a","fetch failed"
"Grønne Stjerne","http://www.gronnestjerne.dk/","unreachable","","n/a","fetch failed"
"Grauballe UGF","http://www.gugf.dk/","custom","WordPress","high","platform:WordPress; generator:WordPress 7.0"
"Grindsted GIF","http://www.ggif-fodbold.dk/","dbu-klubcms","DBU Klub-CMS (Umbraco)","high","umbraco-media-path; dbu-viewport; file.dbu.dk-club-logos; kampvisning-poolrowid; kampfakta-resource"
"Greve Fodbold","http://www.grevefodbold.dk/","custom","WordPress","high","platform:WordPress"
"Grenaa IF","http://www.grenaaif.dk/","dbu-klubcms","DBU Klub-CMS (Umbraco)","high","umbraco-media-path; dbu-viewport; file.dbu.dk-club-logos; kampvisning-poolrowid; kampfakta-resource"
"Gug B","http://www.gugboldklub.dk/","dbu-klubcms","DBU Klub-CMS (Umbraco)","medium","umbraco-media-path"
"Gundsølille SGIF","http://www.gundsolille.dk/","unreachable","","n/a","fetch failed"
"Grundfør UI","http://www.guisport.dk/","unknown","","low",""
"Gråsten B","http://www.ny.graasten-boldklub.dk/","custom","WordPress","high","platform:WordPress; generator:WordPress 7.0"
"Guldborg IF","http://www.guldborgif.dk/","unknown","","low",""
"Gudum Nissum IF","http://www.gnif.dk/","unknown","","low","generator:Webnode 2"
"Gudumholm IF","http://www.gudumholm-if.dk/","custom","WordPress","high","platform:WordPress; generator:WordPress 6.7.5"
"Gørslev IF","http://www.goerslev-if.dk/","unknown","","low",""
"Gaarslev GF","http://www.gaarslevgf.dk/","custom","WordPress","high","platform:WordPress"
"GVL Løkken","http://www.gvlloekken.dk/","unknown","","low",""
"Gærum IF","http://www.gaerum-if.dk/","custom","WordPress","high","platform:WordPress; generator:WordPress 6.9"
"Gørløse SI","http://gorlosesi.dk/","dbu-klubcms","DBU Klub-CMS (Umbraco)","high","umbraco-media-path; dbu-viewport"
"Hadsten Sports Klub","http://www.hskfodbold.dk/","dbu-klubcms","DBU Klub-CMS (Umbraco)","high","umbraco-media-path; dbu-viewport; file.dbu.dk-club-logos; kampvisning-poolrowid"
"Halstedhus Efterskole","http://halstedhus.dk/","custom","WordPress","high","platform:WordPress"
"Hadsund B","http://www.hadsundboldklub.dk/","dbu-klubcms","DBU Klub-CMS (Umbraco)","high","umbraco-media-path; dbu-viewport"
"Gødvad GIF","http://www.godvad-gif.dk/","custom","WordPress","high","platform:WordPress; generator:All in One SEO (AIOSEO) 4.9.8"
"Hammerum Fri- og Efterskole","http://www.hamme.dk/","custom","Drupal","medium","platform:Drupal; generator:Drupal 11 (https://www.drupal.org)"
"Gylling Efterskole","http://www.gylling-efterskole.dk/","custom","WordPress","high","platform:WordPress"
"Hannæs Sport og Fritid","http://www.fhif.eu/","unreachable","","n/a","fetch failed"
"Hanstholm IF","http://www.hanstholm-if.dk/","unreachable","","n/a","fetch failed"
"Hammel GF","http://www.fodbold.hgfhammel.dk/","dbu-klubcms","DBU Klub-CMS (Umbraco)","high","umbraco-media-path; dbu-viewport"
"Handelsstandens Boldklub","http://www.handelsstandensboldklub.dk/","dbu-klubcms","DBU Klub-CMS (Umbraco)","high","umbraco-media-path; dbu-viewport; file.dbu.dk-club-logos; kampvisning-poolrowid; kampfakta-resource"
"Hammerum IF","http://www.hammerumif.dk/","dbu-klubcms","DBU Klub-CMS (Umbraco)","high","umbraco-media-path; dbu-viewport; file.dbu.dk-club-logos; kampvisning-poolrowid"
"Harboøre IF","http://www.harbooreif.dk/","custom","WordPress","high","platform:WordPress; generator:WordPress 7.0"
"HA85","http://www.ha85.dk/","custom","WordPress","high","platform:WordPress"
"Hashøj IF","http://www.hashøj-if.dk/","unreachable","","n/a","fetch failed"
"Hareskov IF","http://www.hareskovif.dk/","unknown","","low",""
"Harlev IK","http://www.harlevfodbold.dk/","dbu-klubcms","DBU Klub-CMS (Umbraco)","high","umbraco-media-path; dbu-viewport; file.dbu.dk-club-logos; kampvisning-poolrowid"
"Hasle B","http://www.hasleboldklub.dk/","custom","WordPress","high","platform:WordPress; generator:WordPress 7.0"
"Haslev FC","http://www.haslev-fc.dk/","dbu-klubcms","DBU Klub-CMS (Umbraco)","high","umbraco-media-path; dbu-viewport"
"Hald Ege Efterskole","http://www.hald-ege-efterskole.dk/","custom","WordPress","high","platform:WordPress; generator:WordPress 7.0"
"Harte G & IF","http://www.hartegif.dk/","custom","WordPress","high","platform:WordPress"
"Haverslev IF","http://www.haverslev-if.dk/","unknown","","low",""
"Hatting-Torsted Fodbold","http://www.hatting-torsted.dk/","dbu-klubcms","DBU Klub-CMS (Umbraco)","high","umbraco-media-path; dbu-viewport"
"Haubro IF","http://www.haubroif.dk/","custom","WordPress","high","platform:WordPress; generator:WordPress 7.0"
"Hasle IF","http://www.hasle-if.dk/","custom","WordPress","high","platform:WordPress"
"Havdrup Fodbold","http://www.hgi-fodbold.dk/","dbu-klubcms","DBU Klub-CMS (Umbraco)","high","umbraco-media-path; dbu-viewport"
"Hals FS","http://www.halsfs.dk/","custom","WordPress","high","platform:WordPress; generator:Elementor 4.1.2; features: e_font_icon_svg, additional_custom_breakpoints; settings: css_print_method-external, google_font-enabled, font_display-swap"
"Haderslev FK","http://www.hfk-haderslev.dk/","dbu-klubcms","DBU Klub-CMS (Umbraco)","high","umbraco-media-path; dbu-viewport"
"Hejnsvig IF","http://www.hejnsvigif.dk/","custom","WordPress","high","platform:WordPress; generator:WordPress 7.0"
"Hellevad IF","http://www.hellevad-if.dk/","unknown","","low","generator:One.com Web Editor"
"Hellas","http://www.bk-hellas.dk/","dbu-klubcms","DBU Klub-CMS (Umbraco)","high","umbraco-media-path; dbu-viewport; file.dbu.dk-club-logos; kampvisning-poolrowid"
"Hellerup Idræts Klub","http://www.hik.dk/","dbu-klubcms","DBU Klub-CMS (Umbraco)","high","umbraco-media-path; dbu-viewport"
"Hedensted IF","http://www.hedenstedif.dk/","dbu-klubcms","DBU Klub-CMS (Umbraco)","high","umbraco-media-path; dbu-viewport"
"Helsingør IF Fodbold","http://www.helsingorif.dk/","dbu-klubcms","DBU Klub-CMS (Umbraco)","high","umbraco-media-path; dbu-viewport; file.dbu.dk-club-logos; kampvisning-poolrowid"
"Helsted Fremad IF","http://www.helsted-fremad.dk/","dbu-klubcms","DBU Klub-CMS (Umbraco)","high","umbraco-media-path; dbu-viewport"
"Herfølge BK","http://www.hb.dk/","dbu-klubcms","DBU Klub-CMS (Umbraco)","high","umbraco-media-path; dbu-viewport"
"Helsinge Fodbold","http://www.helsingefodbold.dk/","dbu-klubcms","DBU Klub-CMS (Umbraco)","high","umbraco-media-path; dbu-viewport; file.dbu.dk-club-logos; kampvisning-poolrowid"
"Herlev IF","http://www.herlevif.dk/","dbu-klubcms","DBU Klub-CMS (Umbraco)","high","umbraco-media-path; dbu-viewport"
"Hersom/Bjerregrav IF","http://www.h-b-i.dk/","dbu-klubcms","DBU Klub-CMS (Umbraco)","high","umbraco-media-path; dbu-viewport; file.dbu.dk-club-logos; kampvisning-poolrowid"
"Hellebjerg Idrætsefterskole","http://www.hellebjerg.dk/","custom","WordPress","high","platform:WordPress; generator:WordPress 6.6.5"
"Herrested-Ørbæk Boldklub","http://www.hoeb.dk/","dbu-klubcms","DBU Klub-CMS (Umbraco)","high","umbraco-media-path; dbu-viewport; file.dbu.dk-club-logos; kampvisning-poolrowid"
"Herlufsholm GF","http://www.hgfodbold.dk/","dbu-klubcms","DBU Klub-CMS (Umbraco)","high","umbraco-media-path; dbu-viewport"
"Herning KFUM","http://www.herningkfumfodbold.dk/","dbu-klubcms","DBU Klub-CMS (Umbraco)","high","umbraco-media-path; dbu-viewport; file.dbu.dk-club-logos"
"Hellested IF","http://www.hellested-if.dk/","custom","WordPress","high","platform:WordPress"
"HIK (professional)","http://www.hik.dk/","dbu-klubcms","DBU Klub-CMS (Umbraco)","high","umbraco-media-path; dbu-viewport"
"Hesselager Fodbold","http://www.hesselagerfodbold.dk/","unknown","","low",""
"Herning Fremad","http://www.herningfremad.dk/","dbu-klubcms","DBU Klub-CMS (Umbraco)","high","umbraco-media-path; dbu-viewport; file.dbu.dk-club-logos; kampvisning-poolrowid"
"Himmelev-Veddelev BK","http://www.hvb-fodbold.dk/","dbu-klubcms","DBU Klub-CMS (Umbraco)","high","umbraco-media-path; dbu-viewport"
"Hillerød Fodbold","http://www.hilleroedfodbold.dk/","dbu-klubcms","DBU Klub-CMS (Umbraco)","high","umbraco-media-path; dbu-viewport; file.dbu.dk-club-logos; kampvisning-poolrowid; kampfakta-resource"
"Himmerlandscentrets Idrætsefterskole (Haverslev)","http://www.hci.dk/","custom","TYPO3","medium","platform:TYPO3; generator:TYPO3 CMS"
"Hirtshals B","http://www.hirtshalsboldklub.dk/","custom","Wix","high","platform:Wix; generator:Wix.com Website Builder"
"Herstedøster IC","http://www.hic.dk/","dbu-klubcms","DBU Klub-CMS (Umbraco)","high","umbraco-media-path; dbu-viewport"
"Hjembæk Efterskole","http://www.hjembaekefterskole.dk/","unknown","","low",""
"Hjordkær UIF","http://www.huiffodbold.dk/","dbu-klubcms","DBU Klub-CMS (Umbraco)","high","umbraco-media-path; dbu-viewport; file.dbu.dk-club-logos; kampvisning-poolrowid"
"Hjørring AIK Frem","http://www.aikfrem.dk/","dbu-klubcms","DBU Klub-CMS (Umbraco)","high","umbraco-media-path; dbu-viewport; file.dbu.dk-club-logos; kampvisning-poolrowid"
"Hobro IK","http://www.hikfodbold.dk/","custom","WordPress","high","platform:WordPress"
"Hjørring IF","http://www.hi-fodbold.dk/","dbu-klubcms","DBU Klub-CMS (Umbraco)","high","umbraco-media-path; dbu-viewport; file.dbu.dk-club-logos; kampvisning-poolrowid"
"Hodsager UF","http://www.hiuf.dk/","custom","WordPress","high","platform:WordPress; generator:WordPress 7.0"
"Hjortdal Ungdoms & IF","http://www.hui-hjortdal.dk/om-fodbold/","custom","WordPress","high","platform:WordPress; generator:WordPress 7.0"
"Hjerm FIF","http://www.hjerm-fif.dk/","custom","WordPress","high","platform:WordPress"
"Holme-Olstrup Fodbold","http://www.hofodbold.dk/","unreachable","","n/a","fetch failed"
"Holluf Pile-Tornbjerg IF","http://www.hpti.dk/","unknown","","low",""
"Holbæk B&I","http://www.hbi.dk/","dbu-klubcms","DBU Klub-CMS (Umbraco)","high","umbraco-media-path; dbu-viewport"
"HOG Hinnerup","http://www.hog-hinnerup.dk/","unknown","","low",""
"Holsted FB","http://www.holstedfb.dk/","custom","SPA/tom HTML","low","empty-or-spa-shell"
"Holmegaard GB","http://www.holmegaardfodbold.dk/","dbu-klubcms","DBU Klub-CMS (Umbraco)","high","umbraco-media-path; dbu-viewport"
"Holte Star Club","http://www.holtestar.dk/","unknown","","low",""
"Holstebro B","http://www.holstebroboldklub.dk/","unknown","","low",""
"Hee SF","http://www.hee.dk/","custom","WordPress","high","platform:WordPress"
"Holmsland GU","http://www.h-gu.dk/","unknown","","low",""
"Holtet IF","http://www.holtetif.dk/","unknown","","low",""
"Horbelev IF","http://www.horbelevif.dk/","dbu-klubcms","DBU Klub-CMS (Umbraco)","high","umbraco-media-path; dbu-viewport"
"Hjorten Fodbold, Herlev","http://www.hjorten.dk/","dbu-klubcms","DBU Klub-CMS (Umbraco)","high","umbraco-media-path; dbu-viewport"
"Hillerslev Sport","http://www.hillerslevsport.dk/","custom","WordPress","high","platform:WordPress; generator:WordPress 7.0"
"Holbæk (professional)","http://www.nvfc.dk/","custom","WordPress","high","platform:WordPress; generator:WordPress 7.0"
"Horne KFUM","http://www.hornekfum.dk/","unreachable","","n/a","fetch failed"
"Hornum IF","http://www.hornumif.dk/","unknown","","low",""
"Hornbæk IF","http://www.hornbaekif-fodbold.dk/","dbu-klubcms","DBU Klub-CMS (Umbraco)","high","umbraco-media-path; dbu-viewport"
"Horsens fS","http://www.horsensfs.dk/","custom","SPA/tom HTML","low","empty-or-spa-shell"
"Horne f. Sp.","http://www.horne-fs.dk/","dbu-klubcms","DBU Klub-CMS (Umbraco)","high","umbraco-media-path; dbu-viewport; file.dbu.dk-club-logos; kampvisning-poolrowid"
"Hospitalets FK","http://www.hfkfyn.dk/","unreachable","","n/a","fetch failed"
"Horsens KFUM","http://www.horsens-kfum.dk/","dbu-klubcms","DBU Klub-CMS (Umbraco)","high","umbraco-media-path; dbu-viewport"
"Horsens Freja","http://www.horsensfreja.dk/","dbu-klubcms","DBU Klub-CMS (Umbraco)","high","umbraco-media-path; dbu-viewport; file.dbu.dk-club-logos"
"Hornslet IF","http://www.hornslet-if-fodbold.dk/","dbu-klubcms","DBU Klub-CMS (Umbraco)","high","umbraco-media-path; dbu-viewport; file.dbu.dk-club-logos; kampvisning-poolrowid; kampfakta-resource"
"Horne IF","http://www.horne-varde.dk/","custom","WordPress","high","platform:WordPress; generator:Elementor 4.1.4; features: additional_custom_breakpoints; settings: css_print_method-external, google_font-enabled, font_display-auto"
"Hovedgård IF","http://www.hovedgaard-if.dk/","unreachable","","n/a","fetch failed"
"Hou Maritime Idrætsefterskole","http://www.houmi.dk/","custom","WordPress","high","platform:WordPress"
"Houlkær Fodboldklub","http://www.houlkaer-fodboldklub.dk/","dbu-klubcms","DBU Klub-CMS (Umbraco)","high","umbraco-media-path; dbu-viewport"
"Holte-Hus Efterskole","http://holte-hus.dk/","custom","WordPress","high","platform:WordPress; generator:WordPress 7.0"
"Hundelev B","http://www.hundelevboldklub.dk/","unknown","","low","generator:One.com Web Editor"
"Humlebæk BK","http://www.humlebold.dk/","dbu-klubcms","DBU Klub-CMS (Umbraco)","high","umbraco-media-path; dbu-viewport; file.dbu.dk-club-logos; kampvisning-poolrowid"
"Hundested IK","http://www.hundestedik.dk/","dbu-klubcms","DBU Klub-CMS (Umbraco)","high","umbraco-media-path; dbu-viewport; file.dbu.dk-club-logos; kampvisning-poolrowid"
"Hou Og Omegns IF","http://www.hoif.dk/","custom","WordPress","high","platform:WordPress; generator:WordPress 7.0"
"Hundige BK","http://www.hundigeboldklub.dk/","dbu-klubcms","DBU Klub-CMS (Umbraco)","high","umbraco-media-path; dbu-viewport"
"Hover IF","http://www.hover-if.dk/","unknown","","low",""
"Hvidovre Idrætsforening","http://www.hif.dk/","unreachable","","n/a","fetch failed"
"Hvalsø IF","http://www.hvalsoeif.dk/","dbu-klubcms","DBU Klub-CMS (Umbraco)","high","umbraco-media-path; dbu-viewport"
"Højby IF","https://www.hoejbyif.dk/","custom","SPA/tom HTML","low","empty-or-spa-shell"
"Hurup IF","http://www.hurupif.dk/","dbu-klubcms","DBU Klub-CMS (Umbraco)","high","umbraco-media-path; dbu-viewport"
"Hvidebæk IF","http://www.hvidebaek-if.dk/","dbu-klubcms","DBU Klub-CMS (Umbraco)","high","umbraco-media-path; dbu-viewport"
"Højer Efterskole","http://www.h-us-dk/","unreachable","","n/a","fetch failed"
"Husum Boldklub","http://www.husumboldklub.dk/","dbu-klubcms","DBU Klub-CMS (Umbraco)","high","umbraco-media-path; dbu-viewport"
"Houlbjerg/Laurbjerg IF","http://www.hlif.dk/","custom","WordPress","high","platform:WordPress; generator:WordPress 7.0"
"Høm/Seem UIF","http://hom-seem.dk/","unreachable","","n/a","fetch failed"
"Højen G&U","http://www.hgu.dk/","custom","WordPress","high","platform:WordPress; generator:Creattica 1.9.12"
"Hørby Efterskoles IF","http://www.hu-ungdom.dk/","unreachable","","n/a","fetch failed"
"Højer IF","http://www.højerif.dk/","unknown","","low",""
"Hornbæk SF","http://www.hsf-randers.dk/","custom","WordPress","high","platform:WordPress; generator:WordPress 7.0"
"Højby S & G","http://www.hojbyfodbold.dk/","dbu-klubcms","DBU Klub-CMS (Umbraco)","high","umbraco-media-path; dbu-viewport"
"Højslev Station IF","http://www.højslev-if.dk/","dbu-klubcms","DBU Klub-CMS (Umbraco)","high","umbraco-media-path; dbu-viewport; file.dbu.dk-club-logos; kampvisning-poolrowid; kampfakta-resource"
"Hørup UI","http://www.hui.dk/","unknown","","low",""
"Hørsholm-Usserød IK","http://www.hui-fodbold.dk/","unknown","","low","generator:One.com Web Editor"
"Høng GF","http://hong-gf.dk/","unknown","","low",""
"Horsens B","http://www.horsensboldklub.dk/","custom","WordPress","high","platform:WordPress; generator:All in One SEO (AIOSEO) 4.9.8"
"Høsterkøb Fodboldklub 2000","http://www.hf2000.dk/","unknown","","low",""
"Hørning GF","http://www.hgf-fodbold.dk/","unknown","","low",""
"Hørning IF","http://www.teamhif.dk/","dbu-klubcms","DBU Klub-CMS (Umbraco)","high","umbraco-media-path; dbu-viewport; file.dbu.dk-club-logos; kampvisning-poolrowid; kampfakta-resource"
"Høje Gladsaxe IF","http://www.facebook.com/HGIiGladsaxe","custom","Shopify","medium","platform:Shopify"
"Hårslev BK","http://www.haarslev-bk.dk/","dbu-klubcms","DBU Klub-CMS (Umbraco)","high","umbraco-media-path; dbu-viewport"
"Idrætsefterskolen Lægården","http://www.optur.nu/","custom","SPA/tom HTML","low","empty-or-spa-shell"
"Hørve IF","http://www.hoerveif.dk/","custom","WordPress","high","platform:WordPress; generator:WordPress 5.2.21"
"HØST IF","http://www.høstif.dk/","unknown","","low",""
"Idrætsklubben Vest af 1971","http://ik-vest.dk/","custom","WordPress","high","platform:WordPress; generator:WordPress 5.8.13"
"IF Føroyar","http://www.fotboltur.dk/","custom","WordPress","high","platform:WordPress; generator:WordPress 7.0"
"Haarby IF","http://www.haarbyboldklub.dk/","unknown","","low",""
"IF Bytoften","http://www.if-bytoften.dk/","dbu-klubcms","DBU Klub-CMS (Umbraco)","high","umbraco-media-path; dbu-viewport"
"IF Midtdjurs","http://www.ifm-fodbold.dk/","dbu-klubcms","DBU Klub-CMS (Umbraco)","high","umbraco-media-path; dbu-viewport"
"IF Fremad Nørhalne","http://www.ifn.dk/","unknown","","low",""
"IF Lyseng","http://www.lyseng.dk/","dbu-klubcms","DBU Klub-CMS (Umbraco)","high","umbraco-media-path; dbu-viewport; file.dbu.dk-club-logos; kampvisning-poolrowid"
"IF Skjold Birkerød","http://www.skjold-fodbold.dk/","dbu-klubcms","DBU Klub-CMS (Umbraco)","high","umbraco-media-path; dbu-viewport"
"IF Svend Gønge","http://www.ifsvendgoenge.dk/","custom","WordPress","high","platform:WordPress; generator:WordPress 6.9.4"
"IF Frem Bjæverskov Fodbold","http://www.bjaeverskovfodbold.dk/","dbu-klubcms","DBU Klub-CMS (Umbraco)","high","umbraco-media-path; dbu-viewport; file.dbu.dk-club-logos; kampvisning-poolrowid"
"Ingstrup SF","http://www.ingstrup.dk/","custom","WordPress","high","platform:WordPress; generator:One.com Web Editor"
"Isenvad Borger- og Idrætsforening","http://www.isenvadfodboldklub.dk/","unreachable","","n/a","fetch failed"
"IF Skjold Sæby","http://www.ifskjoldsaeby.dk/","dbu-klubcms","DBU Klub-CMS (Umbraco)","high","umbraco-media-path; dbu-viewport"
"Islev BK","http://www.islev.dk/","unreachable","","n/a","fetch failed"
"Ingstrup Efterskoles IF","http://www.ingstrupefterskole.dk/","unknown","","low",""
"Ikast FS Fodbold","http://www.ikastfc.dk/","dbu-klubcms","DBU Klub-CMS (Umbraco)","high","umbraco-media-path; dbu-viewport; file.dbu.dk-club-logos; kampvisning-poolrowid"
"ISI Idrætsefterskole","http://www.isi.dk/","unknown","","low","generator:Dynamicweb 9"
"Jels IF","http://www.jels-if.dk/","unknown","","low",""
"JAI, Aarhus","http://www.jai-fodbold.dk/","unknown","","low",""
"IS Skævinge","http://www.iss-fodbold.dk/","dbu-klubcms","DBU Klub-CMS (Umbraco)","high","umbraco-media-path; dbu-viewport"
"Jernløse BK","http://www.jernloeseboldklub.dk/","unknown","","low","generator:One.com Web Editor"
"Jinnah International School","http://jinnahschool.dk/","unreachable","","n/a","fetch failed"
"Jernved IF","http://www.123hjemmeside.dk/JernvedIF","unreachable","","n/a","fetch failed"
"IF Nordthy","http://www.ifnordthy.dk/","custom","WordPress","high","platform:WordPress; generator:WordPress 6.8.5"
"Jerne IF","http://www.jerneif.dk/","unknown","","low",""
"IF Mols","http://www.ifmols.net/","custom","WordPress","high","platform:WordPress; generator:WordPress 7.0"
"Hårslev Efterskole","http://haarslevefterskole.dk/","custom","WordPress","high","platform:WordPress; generator:Elementor 4.1.3; features: additional_custom_breakpoints; settings: css_print_method-external, google_font-enabled, font_display-swap"
"Jetsmark IF","http://www.jetsmarkif.dk/","dbu-klubcms","DBU Klub-CMS (Umbraco)","high","umbraco-media-path; dbu-viewport; file.dbu.dk-club-logos; kampvisning-poolrowid"
"Juelsminde IF","http://www.juelsminde-if.dk/","dbu-klubcms","DBU Klub-CMS (Umbraco)","high","umbraco-media-path; dbu-viewport; file.dbu.dk-club-logos; kampvisning-poolrowid"
"Jyderup BK","http://www.jyderupboldklub.dk/","dbu-klubcms","DBU Klub-CMS (Umbraco)","high","umbraco-media-path; dbu-viewport"
"Jyllinge FC","http://www.jyllinge-fc.dk/","dbu-klubcms","DBU Klub-CMS (Umbraco)","high","umbraco-media-path; dbu-viewport; file.dbu.dk-club-logos; kampvisning-poolrowid; kampfakta-resource"
"Jægersborg Boldklub","http://www.jb-bold.dk/","dbu-klubcms","DBU Klub-CMS (Umbraco)","high","umbraco-media-path; dbu-viewport"
"Karlslunde IF","http://www.karlslundefodbold.dk/","dbu-klubcms","DBU Klub-CMS (Umbraco)","high","umbraco-media-path; dbu-viewport"
"Janderup FS","http://www.jfs-sport.dk/jbs-fodbold","unknown","","low","generator:MemberLink"
"Jødisk Idrætsforening Hakoah","http://hakoah.dk/","unknown","","low","generator:Webnode 2"
"Karise IK","http://www.k-i-k.dk/fodbold","dbu-klubcms","DBU Klub-CMS (Umbraco)","high","umbraco-media-path; dbu-viewport"
"KB 92, Karlslunde","http://www.kb92.dk/","unreachable","","n/a","fetch failed"
"Karrebæk IF","http://www.karrebaek-fodbold.dk/","dbu-klubcms","DBU Klub-CMS (Umbraco)","high","umbraco-media-path; dbu-viewport"
"Kalundborg GB","http://www.kalundborg-gb.dk/","dbu-klubcms","DBU Klub-CMS (Umbraco)","high","umbraco-media-path; dbu-viewport"
"Kastrup Boldklub","http://www.kastrupboldklub.dk/","dbu-klubcms","DBU Klub-CMS (Umbraco)","high","umbraco-media-path; dbu-viewport; file.dbu.dk-club-logos; kampvisning-poolrowid"
"KB81 Aalborg","http://www.kb81.dk/","dbu-klubcms","DBU Klub-CMS (Umbraco)","high","umbraco-media-path; dbu-viewport"
"Kauslunde IF","http://www.kiffodbold.dk/","dbu-klubcms","DBU Klub-CMS (Umbraco)","high","umbraco-media-path; dbu-viewport"
"Kerteminde BK","http://www.kertemindeboldklub.dk/","dbu-klubcms","DBU Klub-CMS (Umbraco)","high","umbraco-media-path; dbu-viewport"
"Jægerspris IK","http://www.jik.dk/","custom","WordPress","high","platform:WordPress; generator:WordPress 7.0"
"KFUMs Boldklub","http://www.kfum-fodbold.dk/","dbu-klubcms","DBU Klub-CMS (Umbraco)","high","umbraco-media-path; dbu-viewport"
"KFUM BK, Roskilde","http://www.roskilde-kfum.dk/","dbu-klubcms","DBU Klub-CMS (Umbraco)","high","umbraco-media-path; dbu-viewport; file.dbu.dk-club-logos; kampvisning-poolrowid"
"KFUM.s BK Odense","http://www.odense-kfum.dk/","dbu-klubcms","DBU Klub-CMS (Umbraco)","high","umbraco-media-path; dbu-viewport"
"Kildemosens BK","http://www.kildemosen.dk/","unknown","","low",""
"Kjellerup IF","http://www.kjellerup-if.dk/","unreachable","","n/a","fetch failed"
"Klejtrup B","http://www.klejtrupboldklub.dk/","unknown","","low",""
"Kirke Helsinge IF","http://www.kirkehelsinge-if.dk/","unknown","","low",""
"Kibæk IF","http://www.kif-1900.dk/","custom","WordPress","high","platform:WordPress"
"Klinte Grindløse IF","http://www.kgi-sport.dk/","custom","Joomla","medium","platform:Joomla"
"Kjøbenhavns Boldklub","http://www.kb-boldklub.dk/","dbu-klubcms","DBU Klub-CMS (Umbraco)","high","umbraco-media-path; dbu-viewport"
"Katrinebjergs Atletikforening","http://katrinebjergaf.dk/","custom","WordPress","high","platform:WordPress; generator:WordPress 6.8.5"
"Kløvermarkens Forenede Boldklubber","http://www.kloevermarkenfb.dk/","unknown","","low",""
"Kirke Hyllinge IF","http://www.khif-fodbold.dk/","dbu-klubcms","DBU Klub-CMS (Umbraco)","high","umbraco-media-path; dbu-viewport; file.dbu.dk-club-logos; kampvisning-poolrowid"
"Klemensker IF","http://www.klemensker-if.dk/","custom","WordPress","high","platform:WordPress"
"Kolding B","http://www.kolding-boldklub.dk/","dbu-klubcms","DBU Klub-CMS (Umbraco)","high","umbraco-media-path; dbu-viewport"
"Koldby/Hørdum IF","http://www.khif1904.dk/","dbu-klubcms","DBU Klub-CMS (Umbraco)","high","umbraco-media-path; dbu-viewport; file.dbu.dk-club-logos; kampvisning-poolrowid"
"Klovborg UF","http://www.klovborg-uf.dk/","unknown","","low",""
"Klitmøller IF","http://www.klitmøllerif.dk/","custom","WordPress","high","platform:WordPress; generator:WordPress 7.0"
"Kongerslev IF","http://www.k.if.dk/","unreachable","","n/a","fetch failed"
"Kolding IF","http://www.kif-fodbold.dk/","custom","WordPress","high","platform:WordPress; generator:WordPress 7.0"
"KBK Hillerød","http://www.kbk-hillerød.dk/","unknown","","low",""
"Kolt/Hasselager IF","http://www.khif.info/","dbu-klubcms","DBU Klub-CMS (Umbraco)","high","umbraco-media-path; dbu-viewport"
"Koldingegnens Idrætsefterskole","http://www.kie.dk/","custom","WordPress","high","platform:WordPress; generator:WordPress 7.0"
"Korsholm IF","http://www.korsholm-if.dk/","unknown","","low",""
"Korinth IF","http://www.korinth-if.dk/","custom","Joomla","medium","platform:Joomla; generator:Nicepage 5.9.10, nicepage.com"
"Klokkerholm IF","http://www.klokkerholmfodbold.dk/","custom","WordPress","high","platform:WordPress; generator:WordPress 7.0"
"Kr. Værløse IF","http://www.kvif.dk/","dbu-klubcms","DBU Klub-CMS (Umbraco)","high","umbraco-media-path; dbu-viewport; file.dbu.dk-club-logos; kampvisning-poolrowid"
"Kragelund Efterskole","http://www.kragelund-efterskole.dk/","custom","WordPress","high","platform:WordPress; generator:WordPress 6.9.4"
"KR 70","http://www.kr70.dk/","custom","WordPress","high","platform:WordPress; generator:WordPress 6.0.12"
"Kvaglund IF","http://www.kvaglundif.dk/","unreachable","","n/a","fetch failed"
"Korning IF","http://www.korningif.dk/","custom","WordPress","high","platform:WordPress; generator:WordPress 7.0"
"Kvik 70","http://www.kvik70.dk/","unknown","","low","generator:One.com Web Editor"
"Kvik IF","http://www.if-kvik.dk/Fodbold-92147","unknown","","low",""
"Knudsker IF","http://www.knudskerif.dk/","custom","WordPress","high","platform:WordPress; generator:WordPress 7.0"
"Kvistgård IF","http://www.kvistgaard-if.dk/","unknown","","low",""
"Kundby IF","http://www.kundby-if.dk/","custom","Wix","high","platform:Wix; generator:Wix.com Website Builder"
"Kolind/Perstrup IF","http://www.kolind-if.dk/","custom","WordPress","high","platform:WordPress; generator:WordPress 6.1.10"
"KU BK","http://www.kubk.dk/","dbu-klubcms","DBU Klub-CMS (Umbraco)","high","umbraco-media-path; dbu-viewport"
"Kvong IF","http://www.kvong.dk/DK/idraetsforening.aspx","custom","SPA/tom HTML","low","empty-or-spa-shell"
"Køge Nord FC","http://www.kogenordfc.dk/","dbu-klubcms","DBU Klub-CMS (Umbraco)","high","umbraco-media-path; dbu-viewport"
"Kværndrup BK","http://www.kvaerndrupboldklub.dk/","dbu-klubcms","DBU Klub-CMS (Umbraco)","high","umbraco-media-path; dbu-viewport"
"Langebæk Alliancen","https://www.langebaek-alliancen.dk/","dbu-klubcms","DBU Klub-CMS (Umbraco)","high","umbraco-media-path; dbu-viewport"
"Langholt Sports Klub","http://www.langholtsportsklub.dk/","unknown","","low","generator:One.com Web Editor"
"Kværkeby IF","http://www.kvaerkebyif.dk/","unknown","","low",""
"Kvissel-Ravnshøj IF","http://www.kr-if.dk/","custom","WordPress","high","platform:WordPress; generator:WordPress 7.0"
"Langtved SG  &  IF","http://www.lsgif.dk/","custom","SPA/tom HTML","low","empty-or-spa-shell"
"Køge BK","http://www.koge-boldklub.dk/","dbu-klubcms","DBU Klub-CMS (Umbraco)","high","umbraco-media-path; dbu-viewport"
"Lejre IF","http://www.fclejre.dk/","dbu-klubcms","DBU Klub-CMS (Umbraco)","high","umbraco-media-path; dbu-viewport"
"Langeskov IF","http://www.langeskovif.dk/","dbu-klubcms","DBU Klub-CMS (Umbraco)","high","umbraco-media-path; dbu-viewport"
"Kristrup B","http://www.kb1908.dk/","dbu-klubcms","DBU Klub-CMS (Umbraco)","high","umbraco-media-path; dbu-viewport; file.dbu.dk-club-logos; kampvisning-poolrowid; kampfakta-resource"
"Ledøje-Smørum Fodbold","http://www.lsf.dk/","dbu-klubcms","DBU Klub-CMS (Umbraco)","high","umbraco-media-path; dbu-viewport; file.dbu.dk-club-logos; kampvisning-poolrowid"
"Lejerbo BK","http://www.lejerbo-boldklub.dk/","unknown","","low",""
"Levring Efterskole","http://www.levring-efterskole.dk/","custom","Wix","high","platform:Wix"
"Lemming IF","http://www.lemmingif.dk/","unknown","","low",""
"Liria FK","http://www.liriafk.dk/","unreachable","","n/a","fetch failed"
"Lisbjerg FC","http://www.lisbjergfc.dk/","unreachable","","n/a","fetch failed"
"LKB/Gistrup","http://www.lkb.dk/","unknown","","low",""
"Linde B","http://www.lindeboldklub.dk/","dbu-klubcms","DBU Klub-CMS (Umbraco)","high","umbraco-media-path; dbu-viewport; file.dbu.dk-club-logos; kampvisning-poolrowid; kampfakta-resource"
"Lellinge IF","http://www.lellingeif.dk/","custom","WordPress","high","platform:WordPress; generator:WordPress 7.0"
"Listrup U&IF","http://www.luif.dk/","dbu-klubcms","DBU Klub-CMS (Umbraco)","high","umbraco-media-path; dbu-viewport; file.dbu.dk-club-logos; kampvisning-poolrowid"
"Lemvig GF","http://www.lemviggf.dk/","custom","WordPress","high","platform:WordPress"
"Lomborg Gymnastik- og Idrætsefterskole","http://www.lomborg-efterskole.dk/","custom","WordPress","high","platform:WordPress"
"Lumby IF 88","http://www.lif88.dk/","dbu-klubcms","DBU Klub-CMS (Umbraco)","high","umbraco-media-path; dbu-viewport"
"Lunderskov Efterskole","http://www.lunderskov-efterskole.dk/","custom","SPA/tom HTML","low","empty-or-spa-shell"
"Lundtoft IF","http://www.lif-fodbold.dk/","unreachable","","n/a","fetch failed"
"Lund IF","http://www.lundif.dk/","unknown","","low",""
"Lendum UGI","http://www.lugi.dk/","custom","WordPress","high","platform:WordPress"
"Lundergård IU","http://www.liuf.dk/","custom","WordPress","high","platform:WordPress"
"Lindved GF","http://www.lindved-gf.dk/","custom","WordPress","high","platform:WordPress; generator:WordPress 7.0"
"Lunderskov B","http://www.lunderskovboldklub.dk/","dbu-klubcms","DBU Klub-CMS (Umbraco)","high","umbraco-media-path; dbu-viewport"
"Lyngby Boldklub 1921","http://www.lyngby-boldklub1921.dk/","dbu-klubcms","DBU Klub-CMS (Umbraco)","high","umbraco-media-path; dbu-viewport"
"Lundtofte Boldklub","http://www.lundtofte-boldklub.dk/","dbu-klubcms","DBU Klub-CMS (Umbraco)","high","umbraco-media-path; dbu-viewport"
"Lynge-Uggeløse IF","http://www.lui.dk/","custom","WordPress","high","platform:WordPress; generator:WordPress 7.0"
"Lyngsaa B","http://www.lyngsaaboldklub.dk/","custom","SPA/tom HTML","low","generator:Microsoft FrontPage 12.0; empty-or-spa-shell"
"Lynge-Broby IF","http://www.lb-i.dk/","dbu-klubcms","DBU Klub-CMS (Umbraco)","high","umbraco-media-path; dbu-viewport"
"Løgum IF","http://www.loegumfodbold.dk/","unreachable","","n/a","fetch failed"
"Løgstrup G&IF","http://www.lgif.dk/","custom","WordPress","high","platform:WordPress; generator:WordPress 7.0"
"Lystrup IF","http://www.lystrupfodbold.dk/","dbu-klubcms","DBU Klub-CMS (Umbraco)","high","umbraco-media-path; dbu-viewport"
"Lysabild SG","http://www.lysabildsg.dk/","dbu-klubcms","DBU Klub-CMS (Umbraco)","high","umbraco-media-path; dbu-viewport"
"Løvel IF","http://www.tjelevestsport.dk/","unreachable","","n/a","fetch failed"
"Løgumkloster Efterskole","http://www.lme.dk/","unknown","","low",""
"Løgstør IF","http://www.logstorif.dk/","dbu-klubcms","DBU Klub-CMS (Umbraco)","high","umbraco-media-path; dbu-viewport"
"Mammen IF","http://www.mammenif.dk/","unknown","","low","generator:Webnode 2"
"Løsning IF","http://www.losningif.dk/","dbu-klubcms","DBU Klub-CMS (Umbraco)","high","umbraco-media-path; dbu-viewport"
"Løjt IF","http://www.loejt-if.dk/","unknown","","low",""
"Marslev G & IF","http://www.mgif.dk/","unreachable","","n/a","fetch failed"
"Langaa IK","http://www.langaa-ik.dk/","custom","WordPress","high","platform:WordPress; generator:WordPress 6.9.4"
"Lyngs Idrætsefterskole","http://www.l-i-e.dk/","custom","WordPress","high","platform:WordPress; generator:WordPress 7.0"
"Låsby B","http://www.laasbyboldklub.dk/","unknown","","low",""
"Marstal IF","http://www.marstalif.dk/","dbu-klubcms","DBU Klub-CMS (Umbraco)","high","umbraco-media-path; dbu-viewport"
"Maribo BK","http://www.maribobk.dk/","dbu-klubcms","DBU Klub-CMS (Umbraco)","high","umbraco-media-path; dbu-viewport"
"Mariehøj Kammeraterne Silkeborg","http://www.mks-silkeborg.dk/","dbu-klubcms","DBU Klub-CMS (Umbraco)","high","umbraco-media-path; dbu-viewport"
"Mejrup GU","http://www.mejrup-fodbold.dk/","unknown","","low",""
"Mejdal-Halgård Fodbold","http://www.mejdal-fodbold.dk/","dbu-klubcms","DBU Klub-CMS (Umbraco)","high","umbraco-media-path; dbu-viewport; file.dbu.dk-club-logos"
"Mina Hindholm Efterskole","http://minahindholm.dk/","unreachable","","n/a","fetch failed"
"Mern UIF","http://www.mernif.dk/","custom","WordPress","high","platform:WordPress; generator:WordPress 5.1.19"
"Midtals IF","http://www.mif.dk/","unknown","","low",""
"Mosede BK","http://www.mosedeboldklub.dk/","custom","WordPress","high","platform:WordPress; generator:WordPress 7.0"
"Melby-Liseleje IF","http://www.mli-fodbold.dk/","dbu-klubcms","DBU Klub-CMS (Umbraco)","high","umbraco-media-path; dbu-viewport; file.dbu.dk-club-logos; kampvisning-poolrowid; kampfakta-resource"
"Mot G & U","http://www.mot-gu.dk/","unknown","","low",""
"Morud IF","http://www.morud.dk/fodbold","custom","SPA/tom HTML","low","empty-or-spa-shell"
"Møgeltønder UIF","http://muif.dk/","unreachable","","n/a","fetch failed"
"MG & BK","http://www.mg-bk.dk/","dbu-klubcms","DBU Klub-CMS (Umbraco)","high","umbraco-media-path; dbu-viewport"
"Mou IF","http://www.mou-if.dk/","custom","WordPress","high","platform:WordPress; generator:WordPress 7.0"
"Møns FK","http://www.mons-fk.dk/","dbu-klubcms","DBU Klub-CMS (Umbraco)","high","umbraco-media-path; dbu-viewport"
"Møldrup/Tostrup IF","http://www.mtif.dk/","custom","Wix","high","platform:Wix; generator:Wix.com Website Builder"
"Mønsted IF","http://www.mønsted-fodbold.dk/","dbu-klubcms","DBU Klub-CMS (Umbraco)","high","umbraco-media-path; dbu-viewport; file.dbu.dk-club-logos; kampvisning-poolrowid"
"Mellerup Efterskole","http://www.mellerupefterskole.dk/","custom","WordPress","high","platform:WordPress; generator:WordPress 7.0"
"Munkebo BK","http://www.munkebobk.dk/","dbu-klubcms","DBU Klub-CMS (Umbraco)","high","umbraco-media-path; dbu-viewport"
"Mørkøv IF","http://www.morkovif-fodbold.dk/","dbu-klubcms","DBU Klub-CMS (Umbraco)","high","umbraco-media-path; dbu-viewport"
"Mørke IF","http://www.moerkeif.dk/","custom","SPA/JS-framework","medium","platform:SPA/JS-framework"
"Mørkhøj Sportsklub","http://moerkhoej-sportsklub.dk/","dbu-klubcms","DBU Klub-CMS (Umbraco)","high","umbraco-media-path; dbu-viewport"
"Nexø B.","http://www.nbboldklub.dk/","custom","SPA/tom HTML","low","empty-or-spa-shell"
"NFS - Nørremarkens forenede Sportsklubber","http://www.nfsvejle.dk/","custom","WordPress","high","platform:WordPress; generator:WordPress 7.0"
"Naur-Sir-Krunderup","http://www.nsk-fodbold.dk/","dbu-klubcms","DBU Klub-CMS (Umbraco)","high","umbraco-media-path; dbu-viewport; file.dbu.dk-club-logos; kampvisning-poolrowid"
"Nim IF","http://www.nimif.dk/","unknown","","low",""
"Måløv BK","http://www.mb-boldklub.dk/","dbu-klubcms","DBU Klub-CMS (Umbraco)","high","umbraco-media-path; dbu-viewport; file.dbu.dk-club-logos; kampvisning-poolrowid"
"Nibe B","http://www.nibeboldklub.dk/","dbu-klubcms","DBU Klub-CMS (Umbraco)","high","umbraco-media-path; dbu-viewport"
"Nivå-Kokkedal FK","http://www.nivaa-kokkedal-fodboldklub.dk/","dbu-klubcms","DBU Klub-CMS (Umbraco)","high","umbraco-media-path; dbu-viewport"
"Nordenskov IF","http://www.nuif.dk/","unknown","","low",""
"Nord-Als B","http://www.nordals-boldklub.dk/","dbu-klubcms","DBU Klub-CMS (Umbraco)","high","umbraco-media-path; dbu-viewport; file.dbu.dk-club-logos; kampvisning-poolrowid"
"Nordfalster FB","http://www.nordfalsterfb.dk/","dbu-klubcms","DBU Klub-CMS (Umbraco)","high","umbraco-media-path; dbu-viewport; template-default-dbu-mail"
"Nordvestmors BK","http://www.nordvestmors.dk/","dbu-klubcms","DBU Klub-CMS (Umbraco)","high","umbraco-media-path; dbu-viewport"
"Nr. Bjært/Strandhuse IF","http://www.nbsif.dk/","dbu-klubcms","DBU Klub-CMS (Umbraco)","high","umbraco-media-path; dbu-viewport"
"Mariager IK","http://www.mariager-ik.dk/","custom","WordPress","high","platform:WordPress; generator:WordPress 7.0"
"Måbjerg IF","http://www.maabjergif.dk/","custom","WordPress","high","platform:WordPress; generator:WordPress 7.0"
"Notmark SU","http://www.nsu-als.dk/","custom","WordPress","high","platform:WordPress; generator:WordPress 7.0"
"Nr. Lyndelse / Søby F.C.","http://www.nrlyndelsefodbold.dk/","dbu-klubcms","DBU Klub-CMS (Umbraco)","high","umbraco-media-path; dbu-viewport"
"Nr. Aaby IK","http://www.nikfodbold.dk/","dbu-klubcms","DBU Klub-CMS (Umbraco)","high","umbraco-media-path; dbu-viewport"
"NUGF Viborg","http://www.nugf.dk/","dbu-klubcms","DBU Klub-CMS (Umbraco)","high","umbraco-media-path; dbu-viewport; file.dbu.dk-club-logos; kampvisning-poolrowid"
"NB 93, Aarhus","http://www.nb93.dk/","custom","WordPress","high","platform:WordPress; generator:WordPress 7.0"
"Nors B","http://norsbk.dk/","custom","WordPress","high","platform:WordPress; generator:WordPress 7.0"
"Nyker IF","http://www.nyker-if.dk/","unknown","","low","generator:Nyker Idr&#230;tsforening"
"Nykøbing FC","http://www.nykobingfc.dk/","dbu-klubcms","DBU Klub-CMS (Umbraco)","high","umbraco-media-path; dbu-viewport"
"Nyborg G & IF","http://www.nyborggif-fodbold.dk/","dbu-klubcms","DBU Klub-CMS (Umbraco)","high","umbraco-media-path; dbu-viewport; file.dbu.dk-club-logos; kampvisning-poolrowid"
"Nyråd IF","http://www.nyraadfodbold.dk/","custom","SPA/tom HTML","low","empty-or-spa-shell"
"Nykøbing FC (professional)","http://www.nykobingfc.dk/","dbu-klubcms","DBU Klub-CMS (Umbraco)","high","umbraco-media-path; dbu-viewport"
"Ny Kappel Boldklub 07","http://www.bricksite.com/nykappelboldklub07","unknown","","low","generator:Bricksite"
"Nykøbing IF","http://www.nykoebingif.dk/","dbu-klubcms","DBU Klub-CMS (Umbraco)","high","umbraco-media-path; dbu-viewport; file.dbu.dk-club-logos; kampvisning-poolrowid"
"Næsby BK","http://www.naesbyboldklub.dk/","dbu-klubcms","DBU Klub-CMS (Umbraco)","high","umbraco-media-path; dbu-viewport"
"Næsby (professional)","http://www.naesbyboldklub.dk/","dbu-klubcms","DBU Klub-CMS (Umbraco)","high","umbraco-media-path; dbu-viewport"
"Nødebo IF","http://www.nif.dk/","custom","SPA/tom HTML","low","empty-or-spa-shell"
"Næstved I.F.","http://www.niffodbold.dk/","dbu-klubcms","DBU Klub-CMS (Umbraco)","high","umbraco-media-path; dbu-viewport"
"Næstved FC 77","http://www.fc77.dk/","custom","Wix","high","platform:Wix; generator:Wix.com Website Builder"
"Nustrup UF","http://www.nustrupuf.dk/","custom","WordPress","high","platform:WordPress; generator:All in One SEO (AIOSEO) 4.8.1.1"
"Næsbjerg/Rousthøje UI","http://www.nrui.dk/","unknown","","low",""
"Nørrebro United","http://www.nbunited.dk/","dbu-klubcms","DBU Klub-CMS (Umbraco)","high","umbraco-media-path; dbu-viewport; file.dbu.dk-club-logos; kampvisning-poolrowid"
"Nørre Alslev BK","http://www.nab-boldklub.dk/","dbu-klubcms","DBU Klub-CMS (Umbraco)","high","umbraco-media-path; dbu-viewport"
"Nørresundby Forenede Boldklubber","http://www.norresundbyfb.dk/","dbu-klubcms","DBU Klub-CMS (Umbraco)","high","umbraco-media-path; dbu-viewport; file.dbu.dk-club-logos; kampvisning-poolrowid"
"Oddense-Otting UGF","http://www.oddense-idræt.dk/","unreachable","","n/a","fetch failed"
"Næstved BK (professional)","http://www.naestvedboldklub.dk/","custom","WordPress","high","platform:WordPress; generator:WordPress 6.8.1"
"OB Q","http://www.odenseq.dk/","dbu-klubcms","DBU Klub-CMS (Umbraco)","high","umbraco-media-path; dbu-viewport"
"Old Boys 1945","http://www.oldboys1945.dk/","unreachable","","n/a","fetch failed"
"Nørbæk Efterskole","http://nørbækefterskole.dk/","custom","WordPress","high","platform:WordPress; generator:WordPress 7.0"
"Olympic Amager KIF - Afventer","http://olyamagerkulture.dk/","unreachable","","n/a","fetch failed"
"Olympia Øster Hurup IF","http://olympia1938.dk/","unknown","","low",""
"Nøvlingskov Efterskole","http://www.noevlingskov.dk/","unknown","","low",""
"Odense Boldklub","http://www.obfodbold.dk/","dbu-klubcms","DBU Klub-CMS (Umbraco)","high","umbraco-media-path; dbu-viewport"
"ORI-Fodbold","http://www.ori-bold.dk/","unknown","","low","generator:Webnode 2"
"Orient GI","http://www.orientexpressen.dk/","dbu-klubcms","DBU Klub-CMS (Umbraco)","high","umbraco-media-path; dbu-viewport"
"Osted IF","http://www.fclejre.dk/","dbu-klubcms","DBU Klub-CMS (Umbraco)","high","umbraco-media-path; dbu-viewport"
"Pan Fodbold","http://www.panfodbold.dk/","unreachable","","n/a","fetch failed"
"Phønix Efterskole","http://phoenixefterskole.dk/","unreachable","","n/a","fetch failed"
"Otterup Bold- og Idrætsklub","http://www.ob-ik.dk/","dbu-klubcms","DBU Klub-CMS (Umbraco)","high","umbraco-media-path; dbu-viewport"
"Politiets Idrætsforening","http://www.pifodbold.dk/","unknown","","low",""
"Overlund GF","http://www.overlundgf.dk/","dbu-klubcms","DBU Klub-CMS (Umbraco)","high","umbraco-media-path; dbu-viewport; file.dbu.dk-club-logos; kampvisning-poolrowid; kampfakta-resource"
"Odder Fodbold","http://www.odderfodbold.dk/","dbu-klubcms","DBU Klub-CMS (Umbraco)","high","umbraco-media-path; dbu-viewport; file.dbu.dk-club-logos; kampvisning-poolrowid; kampfakta-resource"
"Over Jerstal Fodboldklub","https://www.facebook.com/groups/232566707259146","custom","Shopify","medium","platform:Shopify"
"Præstø IF","http://www.praestoif.dk/","dbu-klubcms","DBU Klub-CMS (Umbraco)","high","umbraco-media-path; dbu-viewport"
"PSI/Serritslev","https://www.klub-psi.dk/","custom","WordPress","high","platform:WordPress; generator:WordPress 6.7.5"
"Nøvling FK","http://www.nfknet.dk/","custom","WordPress","high","platform:WordPress; generator:WordPress 7.0"
"Ramløse Fodbold IF","http://www.ramlosefodbold.dk/","dbu-klubcms","DBU Klub-CMS (Umbraco)","high","umbraco-media-path; dbu-viewport"
"Raklev GI","http://www.raklev.dk/","unknown","","low",""
"Poulstrup Vrejlev 81","http://www.pv81.dk/","custom","WordPress","high","platform:WordPress"
"Randers Freja","http://www.randersfreja.dk/","unknown","","low",""
"Poulsker IF","http://www.pif.dk/","custom","WordPress","high","platform:WordPress; generator:WordPress 7.0"
"Ranum Efterskole","http://www.ranumefterskole.dk/","custom","WordPress","high","platform:WordPress; generator:Powered by LayerSlider 8.2.0 - Build Heros, Sliders, and Popups. Create Animations and Beautiful, Rich Web Content as Easy as Never Before on WordPress."
"Ramme-Lomborg IF","http://www.rlif.dk/","custom","WordPress","high","platform:WordPress; generator:WordPress 6.2.6"
"Randers KFUM Fodbold","http://kfumfodboldranders.dk/","dbu-klubcms","DBU Klub-CMS (Umbraco)","high","umbraco-media-path; dbu-viewport; file.dbu.dk-club-logos; kampvisning-poolrowid"
"Rebild Efterskole","http://www.rebildefterskole.dk/","unknown","","low",""
"Reerslev IF","http://www.reerslevif.dk/","custom","WordPress","high","platform:WordPress; generator:WordPress 5.1.19"
"Ravnsbjerg IF","http://www.ravnsbjerg-if.dk/","dbu-klubcms","DBU Klub-CMS (Umbraco)","high","umbraco-media-path; dbu-viewport; file.dbu.dk-club-logos; kampvisning-poolrowid"
"Resenbro UIF","http://www.ruif.dk/","custom","WordPress","high","platform:WordPress; generator:WordPress 7.0"
"Rebæk IF","http://www.rebaekif.dk/","dbu-klubcms","DBU Klub-CMS (Umbraco)","high","umbraco-media-path; dbu-viewport"
"Randlev/Boulstrup IF","http://rbif.dk/","unknown","","low",""
"Ribe BK","http://www.ribeboldklub.dk/","dbu-klubcms","DBU Klub-CMS (Umbraco)","high","umbraco-media-path; dbu-viewport; file.dbu.dk-club-logos; kampvisning-poolrowid"
"Ravsted UI","http://www.ravsted.dk/","custom","WordPress","high","platform:WordPress; generator:WordPress 7.0"
"Ringe BK","http://www.rb27.dk/","dbu-klubcms","DBU Klub-CMS (Umbraco)","high","umbraco-media-path; dbu-viewport; file.dbu.dk-club-logos; kampvisning-poolrowid"
"Ringkøbing IF","http://www.ringkobingif.dk/","unknown","","low",""
"Rindum SU","http://www.rindumsu.dk/","unknown","","low",""
"Ringsted Pigefodbold","http://www.ringstedpigefodbold.dk/","dbu-klubcms","DBU Klub-CMS (Umbraco)","high","umbraco-media-path; dbu-viewport"
"Roholte BK","http://www.roholtebk.dk/","unreachable","","n/a","fetch failed"
"Ringsted IF","http://www.rif-fodbold.dk/","dbu-klubcms","DBU Klub-CMS (Umbraco)","high","umbraco-media-path; dbu-viewport"
"Rise S & IF","http://www.rise-sif.dk/","custom","Joomla","medium","platform:Joomla"
"RKG Fodbold","http://www.rkg-fodbold.dk/","custom","SPA/JS-framework","medium","platform:SPA/JS-framework"
"Rinkenæs Efterskole","http://www.rinkenaes.dk/","custom","WordPress","high","platform:WordPress"
"Romalt IF","http://www.romaltif.dk/","dbu-klubcms","DBU Klub-CMS (Umbraco)","high","umbraco-media-path; dbu-viewport; file.dbu.dk-club-logos; kampvisning-poolrowid; kampfakta-resource"
"Rosendal IK","http://www.ikrosendal.dk/","unknown","","low",""
"Roslev IK","http://www.roslev-ik.dk/","custom","WordPress","high","platform:WordPress; generator:WP Rocket 3.18.3"
"Rosenhøj BK","http://www.rosenhojboldklub.dk/","dbu-klubcms","DBU Klub-CMS (Umbraco)","high","umbraco-media-path; dbu-viewport; file.dbu.dk-club-logos; kampvisning-poolrowid"
"Roskilde Boldklub","http://www.rb1906.dk/","dbu-klubcms","DBU Klub-CMS (Umbraco)","high","umbraco-media-path; dbu-viewport"
"Roskilde Pigefodbold","http://roskildepigefodbold.dk/","dbu-klubcms","DBU Klub-CMS (Umbraco)","high","umbraco-media-path; dbu-viewport"
"Lunde B","http://www.lundeboldklub.dk/","unreachable","","n/a","timeout"
"Ry Fodbold","http://ryfodbold.dk/","dbu-klubcms","DBU Klub-CMS (Umbraco)","high","umbraco-media-path; dbu-viewport; file.dbu.dk-club-logos; kampvisning-poolrowid"
"Rudkøbing BK","http://www.r-b.dk/","dbu-klubcms","DBU Klub-CMS (Umbraco)","high","umbraco-media-path; dbu-viewport; file.dbu.dk-club-logos; kampvisning-poolrowid"
"Rolfsted IF","http://www.rolfsted-if.dk/","custom","WordPress","high","platform:WordPress; generator:WordPress 7.0"
"Rødding IF","http://www.roedding-if.dk/","dbu-klubcms","DBU Klub-CMS (Umbraco)","high","umbraco-media-path; dbu-viewport; file.dbu.dk-club-logos; kampvisning-poolrowid"
"Ryslinge BK","http://www.ryslingeboldklub.dk/","dbu-klubcms","DBU Klub-CMS (Umbraco)","high","umbraco-media-path; dbu-viewport; file.dbu.dk-club-logos; kampvisning-poolrowid"
"Røde Stjerne FC, Skive","http://www.rsfcs.dk/","custom","SPA/tom HTML","low","empty-or-spa-shell"
"Rønne f.B.","http://www.ronnefb.dk/","unreachable","","n/a","fetch failed"
"Rønne IK","http://www.roenneik.dk/","dbu-klubcms","DBU Klub-CMS (Umbraco)","medium","umbraco-media-path"
"Rødvig G&I","https://www.rodvig-gi.dk/","custom","WordPress","high","platform:WordPress"
"Resen/Humlum IF","http://www.rhif.dk/","custom","WordPress","high","platform:WordPress; generator:WordPress 5.8.13"
"Rødekro IF","http://www.roedekrofodbold.dk/","dbu-klubcms","DBU Klub-CMS (Umbraco)","high","umbraco-media-path; dbu-viewport; file.dbu.dk-club-logos; kampvisning-poolrowid; kampfakta-resource"
"Røde Stjerne BK","http://www.roede-stjerne.dk/","unknown","","low","generator:MemberLink"
"Rågelund Efterskole","http://www.raagelund.com/","unknown","","low",""
"Rønnede IF","http://www.roennedeif.dk/fodbold","custom","WordPress","high","platform:WordPress; generator:WordPress 7.0"
"Rørby-Værslev IF","http://www.rvif.dk/fodbold","custom","WordPress","high","platform:WordPress"
"Saltum IF","http://www.saltumif.dk/","unknown","","low","generator:One.com Web Editor"
"Sallingsund FC","http://www.sallingsundfc.dk/","dbu-klubcms","DBU Klub-CMS (Umbraco)","high","umbraco-media-path; dbu-viewport"
"S.K.F.I.F.","http://www.skfif.dk/","unknown","","low",""
"Rørvig IF","http://www.roervig-if.dk/","custom","WordPress","high","platform:WordPress; generator:WordPress 7.0"
"Sandby  GF","http://www.sandby-gf.dk/","unknown","","low",""
"Sanderum BK","http://www.sanderumboldklub.dk/","dbu-klubcms","DBU Klub-CMS (Umbraco)","high","umbraco-media-path; dbu-viewport; file.dbu.dk-club-logos; kampvisning-poolrowid"
"Saxild IF","http://www.saxild-if.dk/","unknown","","low",""
"Sct. Jørgens IF","http://www.sjsi.dk/","unknown","","low",""
"Sdr. Hygum B","http://www.voresboldklub.dk/","unreachable","","n/a","fetch failed"
"Sdr. Felding GIF","http://www.sfgif.dk/","unknown","","low",""
"Sdr. Rind/Vinkel IF","http://www.svif4ever.dk/","unreachable","","n/a","fetch failed"
"SC Amager","http://www.facebook.com/SportingClubAmager","custom","Shopify","medium","platform:Shopify"
"Sabro IF","http://www.sabro-if.dk/","custom","WordPress","high","platform:WordPress; generator:Elementor 4.1.4; features: additional_custom_breakpoints; settings: css_print_method-external, google_font-enabled, font_display-auto"
"Seest B","http://www.seestboldklub.dk/","dbu-klubcms","DBU Klub-CMS (Umbraco)","high","umbraco-media-path; dbu-viewport"
"Sandved-Tornemark IF","http://www.stif.dk/","custom","WordPress","high","platform:WordPress"
"Sejs Svejbæk IF","http://www.sejssvejbaek-if.dk/","custom","WordPress","high","platform:WordPress; generator:Site Kit by Google 1.181.0"
"Sierslev FC","http://www.sierslevfc.dk/","unreachable","","n/a","fetch failed"
"SIF Assentoft","http://www.fodboldsif.dk/","unreachable","","n/a","fetch failed"
"Silkeborg B","http://www.silkeborgboldklub.dk/","custom","WordPress","high","platform:WordPress; generator:WordPress 6.7.5"
"SfB","http://www.sfb.dk/","unknown","","low","generator:SiteSuite CMS - www.uptime.dk"
"Silkeborg IF Q","http://www.sifq.dk/","unknown","","low",""
"Silkeborg IF","http://www.silkeborgiffodbold.dk/","dbu-klubcms","DBU Klub-CMS (Umbraco)","high","umbraco-media-path; dbu-viewport; file.dbu.dk-club-logos; kampvisning-poolrowid"
"Sengeløse GI","http://www.sengeloese.dk/","custom","WordPress","high","platform:WordPress; generator:WordPress 7.0"
"SIK Viborg, fodbold","http://www.sik-fodbold.dk/","dbu-klubcms","DBU Klub-CMS (Umbraco)","high","umbraco-media-path; dbu-viewport; file.dbu.dk-club-logos; kampvisning-poolrowid"
"Sindal IF","http://www.sindalfodbold.dk/","dbu-klubcms","DBU Klub-CMS (Umbraco)","high","umbraco-media-path; dbu-viewport"
"Silkeborg KFUM","http://www.silkeborgkfum.dk/","custom","WordPress","high","platform:WordPress; generator:WordPress 6.3.8"
"Sinding GIF","http://www.sindinggif.dk/","custom","WordPress","high","platform:WordPress"
"SINE Sportsefterskole","http://www.sine.dk/","custom","WordPress","high","platform:WordPress; generator:WordPress 7.0"
"Skalbjerg BK","http://www.skalbjerg-bk.dk/","unknown","","low",""
"Skagen IK","http://www.skagenik.dk/","dbu-klubcms","DBU Klub-CMS (Umbraco)","high","umbraco-media-path; dbu-viewport"
"Sdr. Omme IF","http://www.soifsport.dk/","custom","WordPress","high","platform:WordPress"
"Skals FF","http://www.skalsff.dk/","custom","SPA/tom HTML","low","empty-or-spa-shell"
"Skallerup/Vennebjerg IF","http://www.svif.dk/","unknown","","low",""
"Skelde GF","http://www.skelde.dk/","unreachable","","n/a","fetch failed"
"Skelund IF","http://www.skelund-fodbold.dk/","unreachable","","n/a","fetch failed"
"Skeby GF","http://www.skebygf.dk/","dbu-klubcms","DBU Klub-CMS (Umbraco)","high","umbraco-media-path; dbu-viewport"
"Skanderup Efterskole","http://www.skanderupefterskole.dk/","custom","WordPress","high","platform:WordPress; generator:WordPress 6.9.4"
"Rønde Efterskole","http://www.rhe.dk/","unreachable","","n/a","fetch failed"
"Skibby IK","http://www.skibbyik.dk/","unknown","","low",""
"Sjørring B","http://www.sjoerringbk.dk/","custom","WordPress","high","platform:WordPress; generator:WordPress 7.0"
"Nørager IF","http://www.nif-rif.dk/","unreachable","","n/a","timeout"
"Sjørslev/Demstrup IF","http://www.sdif.dk/","custom","WordPress","high","platform:WordPress; generator:Elementor 4.1.4; features: e_font_icon_svg, additional_custom_breakpoints; settings: css_print_method-internal, google_font-enabled, font_display-swap"
"Skibsby-Højene IF","http://www.shi-sport.dk/","dbu-klubcms","DBU Klub-CMS (Umbraco)","high","umbraco-media-path; dbu-viewport"
"Skibet IF","http://www.skibet-if.dk/","unknown","","low",""
"Skodborg IF","http://www.sif-skodborg.dk/","custom","WordPress","high","platform:WordPress; generator:WordPress 6.1.10"
"Skjern GF","http://www.sgfodbold.dk/","dbu-klubcms","DBU Klub-CMS (Umbraco)","high","umbraco-media-path; dbu-viewport"
"Skive IK (professional)","http://www.skive-ik.dk/","dbu-klubcms","DBU Klub-CMS (Umbraco)","high","umbraco-media-path; dbu-viewport"
"Skive IK","http://www.skive-ik.dk/","dbu-klubcms","DBU Klub-CMS (Umbraco)","high","umbraco-media-path; dbu-viewport"
"Skovsgaard B","http://www.skovsgaard-boldklub.dk/","unknown","","low",""
"Skovby GF","http://www.skovbygf.dk/","dbu-klubcms","DBU Klub-CMS (Umbraco)","high","umbraco-media-path; dbu-viewport; file.dbu.dk-club-logos; kampvisning-poolrowid; kampfakta-resource"
"Skovshoved Idrætsforening","http://www.skovshoved-fodbold.dk/","unknown","","low",""
"Skægkær IF Centrum","http://www.ifcentrum.dk/","unknown","","low",""
"Skødstrup SF","http://www.skoedstrup-fodbold.dk/","dbu-klubcms","DBU Klub-CMS (Umbraco)","high","umbraco-media-path; dbu-viewport; file.dbu.dk-club-logos; kampvisning-poolrowid; template-default-dbu-mail"
"Skælskør Boldklub og Idrætsforening","http://www.sb-i.dk/","dbu-klubcms","DBU Klub-CMS (Umbraco)","high","umbraco-media-path; dbu-viewport"
"Skensved IF","http://www.skensvedif.dk/fodbold","custom","WordPress","high","platform:WordPress; generator:WordPress 6.8.5"
"Slaglille-Bjernede GI","http://www.sbgi.dk/","dbu-klubcms","DBU Klub-CMS (Umbraco)","high","umbraco-media-path; dbu-viewport"
"Slagslunde-Ganløse IF","http://www.sgif.dk/","dbu-klubcms","DBU Klub-CMS (Umbraco)","high","umbraco-media-path; dbu-viewport"
"Skibbild-Nøvling Idræt og Motion","http://www.skibbild-noevling.dk/sif","custom","WordPress","high","platform:WordPress"
"Slangerup & Omegn IF","http://www.soif.dk/","dbu-klubcms","DBU Klub-CMS (Umbraco)","high","umbraco-media-path; dbu-viewport; file.dbu.dk-club-logos; kampvisning-poolrowid"
"Sole IF","http://www.soleif.dk/","custom","SPA/tom HTML","low","empty-or-spa-shell"
"Skovlund Efterskole","http://www.ske.dk/","custom","WordPress","high","platform:WordPress"
"Slagelse B&I","http://www.slagelseboldklub.dk/","custom","WordPress","high","platform:WordPress; generator:Powered by LayerSlider 7.6.7 - Build Heros, Sliders, and Popups. Create Animations and Beautiful, Rich Web Content as Easy as Never Before on WordPress."
"Skårup IF","http://www.skaarup-if.dk/","custom","WordPress","high","platform:WordPress; generator:WordPress 6.9.4"
"Snejbjerg SG&I","http://www.snejbjergsgi.dk/","custom","WordPress","high","platform:WordPress; generator:WordPress 7.0"
"Sommersted IF","http://www.sommersted-if.dk/","unknown","","low",""
"SMIFF09","http://www.smiff09.dk/","custom","WordPress","high","platform:WordPress; generator:WordPress 6.9.4"
"Sparkær IF","http://www.sparkaerif.dk/","custom","WordPress","high","platform:WordPress; generator:WordPress 7.0"
"Spangsbjerg IF","http://www.spangsbjergif.dk/","dbu-klubcms","DBU Klub-CMS (Umbraco)","high","umbraco-media-path; dbu-viewport; template-default-dbu-mail"
"Snekkersten IF","http://www.sif-fodbold.dk/","dbu-klubcms","DBU Klub-CMS (Umbraco)","high","umbraco-media-path; dbu-viewport; file.dbu.dk-club-logos; kampvisning-poolrowid"
"Sommersted Efterskole","http://www.sommerstedefterskole.dk/","custom","Wix","high","platform:Wix"
"Spøttrup Motion & Sport","http://www.spottrupms.dk/","unknown","","low",""
"SS Skjold","http://www.skjold-glud.dk/","unknown","","low",""
"Spjald IF","http://www.spjaldif.dk/","dbu-klubcms","DBU Klub-CMS (Umbraco)","high","umbraco-media-path; dbu-viewport; file.dbu.dk-club-logos; kampvisning-poolrowid"
"Starup UIF","http://www.fodbold.starup-uif.dk/","unreachable","","n/a","fetch failed"
"Solrød FC","http://www.solrodfc.dk/","dbu-klubcms","DBU Klub-CMS (Umbraco)","high","umbraco-media-path; dbu-viewport"
"Sportsefterskolen Aabybro","http://www.sportsefterskolen.dk/","custom","WordPress","high","platform:WordPress; generator:WordPress 7.0"
"Stauning/Dejbjerg UI","http://www.uogi.dk/","unknown","","low",""
"ST 70","http://www.st70.dk/","custom","WordPress","high","platform:WordPress; generator:WordPress 7.0"
"Sportsefterskolen Sjælsølund","http://www.sjaelsoelund.dk/","unknown","","low",""
"Stavtrup IF Fodbold","http://www.stavtrupfodbold.dk/","unknown","","low",""
"Stenløse BK","http://www.stenloese-bk.dk/","unknown","","low",""
"Stensballe IK","http://www.stensballeikfodbold.dk/","custom","WordPress","high","platform:WordPress; generator:WordPress 7.0"
"Stilling IF","http://www.stillingfodbold.dk/","custom","SPA/tom HTML","low","empty-or-spa-shell"
"Stillinge IF","http://www.stillingeif.dk/","unknown","","low","generator:One.com Web Editor"
"Spentrup IF","http://www.spentrupif.dk/","custom","WordPress","high","platform:WordPress; generator:WordPress 7.0"
"Store Heddinge BK","http://www.storeheddingeboldklub.dk/","custom","SPA/tom HTML","low","empty-or-spa-shell"
"St. Restrup IF","http://www.strestrupif.dk/","unknown","","low",""
"Strandby IF Farsø","http://www.strandbyif.dk/","unreachable","","n/a","fetch failed"
"Stoholm IF","http://www.stoholm-if.dk/fodbold","unknown","","low",""
"Store Lyngby IF","http://stlyngbyif.dk/","custom","WordPress","high","platform:WordPress; generator:WordPress.com"
"Strellev/Lyne GU","http://www.slgu.dk/","custom","SPA/tom HTML","low","empty-or-spa-shell"
"Stepping IF","http://www.stepping.dk/","custom","WordPress","high","platform:WordPress"
"Stenstrup IF","http://stenstrupif.dk/","custom","WordPress","high","platform:WordPress; generator:WordPress 7.0"
"Storvorde/Sejlflod B","http://www.ssb-storvorde.dk/","dbu-klubcms","DBU Klub-CMS (Umbraco)","high","umbraco-media-path; dbu-viewport; file.dbu.dk-club-logos; kampvisning-poolrowid"
"Strandby-Elling-Nielstrup IF Fodbold","http://www.seiffodbold.dk/","dbu-klubcms","DBU Klub-CMS (Umbraco)","high","umbraco-media-path; dbu-viewport"
"Struer B","http://www.struerboldklub.dk/","dbu-klubcms","DBU Klub-CMS (Umbraco)","high","umbraco-media-path; dbu-viewport; file.dbu.dk-club-logos; kampvisning-poolrowid"
"Strib IF","http://www.stribif.dk/","dbu-klubcms","DBU Klub-CMS (Umbraco)","high","umbraco-media-path; dbu-viewport"
"Studenter Settlementets Boldklub","http://www.ssb-sport.dk/","custom","WordPress","high","platform:WordPress; generator:WordPress 7.0"
"Stidsholt IF (Efterskole)","http://www.stidsholt.dk/","custom","WordPress","high","platform:WordPress; generator:WordPress 6.8.5"
"Sundby Thy IK","http://www.sundbythy.dk/","custom","WordPress","high","platform:WordPress; generator:WordPress 6.9.4"
"Stubbekøbing BK","http://www.sb-boldklub.dk/","dbu-klubcms","DBU Klub-CMS (Umbraco)","high","umbraco-media-path; dbu-viewport"
"SUB Ullerslev","http://www.sub-ullerslev.dk/","dbu-klubcms","DBU Klub-CMS (Umbraco)","high","umbraco-media-path; dbu-viewport"
"Sundeved Efterskoles IF","http://www.sundeved-efterskole.dk/","unknown","","low",""
"Støvring IF Fodbold","http://www.siffodbold.dk/","dbu-klubcms","DBU Klub-CMS (Umbraco)","high","umbraco-media-path; dbu-viewport; file.dbu.dk-club-logos; kampvisning-poolrowid"
"Svendborg Efterskole","http://rantz.dk/","unreachable","","n/a","fetch failed"
"Sulsted IF","http://www.sulstedif.dk/","dbu-klubcms","DBU Klub-CMS (Umbraco)","high","umbraco-media-path; dbu-viewport; file.dbu.dk-club-logos; kampvisning-poolrowid"
"Svinninge IF","http://svinningeif.dk/","custom","WordPress","high","platform:WordPress; generator:All in One SEO (AIOSEO) 4.9.7.2"
"Sundby Boldklub","http://www.sundbyboldklub.dk/","dbu-klubcms","DBU Klub-CMS (Umbraco)","high","umbraco-media-path; dbu-viewport"
"Syd- & Østsjællands","http://www.soef.dk/","unreachable","","n/a","fetch failed"
"Suså IF","http://www.susaaif.dk/","dbu-klubcms","DBU Klub-CMS (Umbraco)","high","umbraco-media-path; dbu-viewport; file.dbu.dk-club-logos; kampvisning-poolrowid"
"Sunds IF","http://www.sundsif.dk/","dbu-klubcms","DBU Klub-CMS (Umbraco)","high","umbraco-media-path; dbu-viewport; file.dbu.dk-club-logos; kampvisning-poolrowid"
"Sydmors IF","http://www.sydmors.dk/","dbu-klubcms","DBU Klub-CMS (Umbraco)","high","umbraco-media-path; dbu-viewport"
"Svogerslev BK","http://www.svogerslev-bk.dk/","dbu-klubcms","DBU Klub-CMS (Umbraco)","high","umbraco-media-path; dbu-viewport"
"Rørbæk IF","http://www.nif-rif.dk/","unreachable","","n/a","timeout"
"Svenstrup-Godthåb IF","http://www.sgifklub.dk/","dbu-klubcms","DBU Klub-CMS (Umbraco)","high","umbraco-media-path; dbu-viewport"
"Søften GF","http://www.sgf-fodbold.dk/","dbu-klubcms","DBU Klub-CMS (Umbraco)","high","umbraco-media-path; dbu-viewport"
"Sydvestjysk Fodbolddommerklub","http://www.sfdk.dk/","custom","WordPress","high","platform:WordPress; generator:WordPress 7.0"
"Søllested IF","http://www.sifbold.dk/","unreachable","","n/a","fetch failed"
"Sædding/G IF","http://www.sgi-fodbold.dk/","dbu-klubcms","DBU Klub-CMS (Umbraco)","high","umbraco-media-path; dbu-viewport"
"Syvsten IF","http://www.syvstenif.dk/","custom","WordPress","high","platform:WordPress"
"Søllinge Sport og Fritid","http://www.sollingeboldklub.dk/","unknown","","low","generator:One.com Web Editor"
"Søhus IF","http://www.soehusstige.dk/","dbu-klubcms","DBU Klub-CMS (Umbraco)","high","umbraco-media-path; dbu-viewport"
"Sønderborg Boldklub","http://www.sonderborgboldklub.dk/","dbu-klubcms","DBU Klub-CMS (Umbraco)","high","umbraco-media-path; dbu-viewport; file.dbu.dk-club-logos; kampvisning-poolrowid"
"STUK Overbygning","http://stuk.dk/","custom","WordPress","high","platform:WordPress; generator:WP Rocket 3.21.3"
"Sønderborg Fremad","http://www.sonderborgfremad.dk/","dbu-klubcms","DBU Klub-CMS (Umbraco)","high","umbraco-media-path; dbu-viewport; file.dbu.dk-club-logos; kampvisning-poolrowid"
"Svaneke Idræts Klub","http://www.svaneke-ik.dk/","custom","WordPress","high","platform:WordPress; generator:WordPress 7.0"
"Sønderbro Fight","http://www.sonderbro-fight.dk/","dbu-klubcms","DBU Klub-CMS (Umbraco)","high","umbraco-media-path; dbu-viewport"
"Sønderris SK","http://www.soenderris-sk.dk/","custom","TYPO3","medium","platform:TYPO3; generator:TYPO3 CMS"
"Søndersø BK","http://www.sondersobk.dk/","dbu-klubcms","DBU Klub-CMS (Umbraco)","high","umbraco-media-path; dbu-viewport; file.dbu.dk-club-logos; kampvisning-poolrowid"
"Såby Fodbold","http://www.saabyfodbold.dk/","dbu-klubcms","DBU Klub-CMS (Umbraco)","high","umbraco-media-path; dbu-viewport; file.dbu.dk-club-logos; kampvisning-poolrowid"
"Sønderup/Suldrup IK Frem","http://wp.ikfrem.dk/fodbold","custom","WordPress","high","platform:WordPress; generator:WordPress 6.9.4"
"Tarm IF","http://www.tarmif.dk/","dbu-klubcms","DBU Klub-CMS (Umbraco)","high","umbraco-media-path; dbu-viewport; file.dbu.dk-club-logos; kampvisning-poolrowid"
"Tarp B","http://www.tarpboldklub.dk/","dbu-klubcms","DBU Klub-CMS (Umbraco)","high","umbraco-media-path; dbu-viewport"
"Taps.dk - By- og IF","http://www.taps.dk/","unreachable","","n/a","fetch failed"
"Sørup IF","http://www.facebook.com/soerupif","custom","Shopify","medium","platform:Shopify"
"Tarup/Paarup IF","http://www.tpifodbold.dk/","dbu-klubcms","DBU Klub-CMS (Umbraco)","high","umbraco-media-path; dbu-viewport; file.dbu.dk-club-logos; kampvisning-poolrowid"
"Taulov/Skærbæk IF","http://www.tsiffodbold.dk/","dbu-klubcms","DBU Klub-CMS (Umbraco)","high","umbraco-media-path; dbu-viewport; file.dbu.dk-club-logos; kampvisning-poolrowid; kampfakta-resource"
"Team Viborg","http://teamviborg.dk/","dbu-klubcms","DBU Klub-CMS (Umbraco)","high","umbraco-media-path; dbu-viewport"
"Terndrup IF","http://www.terndrupif.dk/","dbu-klubcms","DBU Klub-CMS (Umbraco)","high","umbraco-media-path; dbu-viewport; file.dbu.dk-club-logos; kampvisning-poolrowid; kampfakta-resource"
"Terslev G&IF","http://www.tgif.dk/","unknown","","low",""
"Tejn IF","http://www.tejnif.dk/","custom","WordPress","high","platform:WordPress; generator:Powered by WPBakery Page Builder - drag and drop page builder for WordPress."
"Them GF","http://www.themgf.dk/","custom","WordPress","high","platform:WordPress"
"Thisted FC","http://www.thistedfc.dk/","custom","WordPress","high","platform:WordPress; generator:WordPress 6.7.5"
"Thisted FC (professional)","http://www.thistedfc.dk/","custom","WordPress","high","platform:WordPress; generator:WordPress 6.7.5"
"Thurø BK af 1920","http://www.thuroeboldklub.dk/","dbu-klubcms","DBU Klub-CMS (Umbraco)","high","umbraco-media-path; dbu-viewport; file.dbu.dk-club-logos; kampvisning-poolrowid"
"Thyland idrætsefterskole","http://www.thyland.dk/","unreachable","","n/a","fetch failed"
"Thyregod SF Frem","http://www.frem-thyregod.dk/","unknown","","low",""
"Thorup/Klim B","http://www.thorupklimboldklub.dk/","custom","WordPress","high","platform:WordPress; generator:All in One SEO (AIOSEO) 4.9.8"
"Sønderjydsk Fodbolddommerklub","http://www.sonderjydsk-fodbolddommer.dk/","custom","WordPress","high","platform:WordPress; generator:WordPress 7.0; template-default-dbu-mail"
"Tinglev IF","http://www.tinglevif.dk/","custom","Joomla","medium","platform:Joomla; generator:Joomla! - Open Source Content Management"
"Tingsted BK","http://www.tingsted-boldklub.dk/","dbu-klubcms","DBU Klub-CMS (Umbraco)","high","umbraco-media-path; dbu-viewport"
"Tistrup B","http://www.tistrupboldklub.dk/","custom","SPA/tom HTML","low","generator:Stone; empty-or-spa-shell"
"Tilsted IK","http://www.tilstedik.dk/","custom","Shopify","medium","platform:Shopify"
"Thorsø/Tungelund IF","http://www.t-if.dk/","custom","WordPress","high","platform:WordPress; generator:WordPress 7.0"
"Tisvildeleje GF","http://www.vtfodbold.dk/","custom","Wix","high","platform:Wix; generator:Wix.com Website Builder"
"Toftlund IF","http://www.tiffodbold.dk/","unknown","","low",""
"Thorning IF","http://www.thorningif.dk/fodbold_65","custom","WordPress","high","platform:WordPress; generator:WordPress 7.0"
"Toksværd Olstrup Fodbold","http://www.t-o-f.dk/","custom","WordPress","high","platform:WordPress; generator:WordPress 7.0"
"Tornby IF","http://www.tornbyif.dk/","custom","WordPress","high","platform:WordPress; generator:WordPress 6.8.5"
"Tommerup BK","http://www.tommerupbk.dk/","dbu-klubcms","DBU Klub-CMS (Umbraco)","high","umbraco-media-path; dbu-viewport; file.dbu.dk-club-logos; kampvisning-poolrowid; kampfakta-resource"
"Tjørring IF","http://www.tjoerring-fodbold.dk/","dbu-klubcms","DBU Klub-CMS (Umbraco)","high","umbraco-media-path; dbu-viewport; file.dbu.dk-club-logos; kampvisning-poolrowid"
"Torpedo AT","http://www.facebook.dk/ATTorpedo","custom","Shopify","medium","platform:Shopify"
"Tirstrup Idrætsefterskole","http://www.tirstrup-ie.dk/","custom","WordPress","high","platform:WordPress; generator:WordPress 7.0"
"Thyholm IF","http://www.thyholm-if.dk/","custom","WordPress","high","platform:WordPress; generator:WordPress 7.0"
"Tranum GF","http://www.tranumgf.dk/","unknown","","low",""
"tst Fodbold","http://www.tst-fodbold.dk/","dbu-klubcms","DBU Klub-CMS (Umbraco)","high","umbraco-media-path; dbu-viewport; file.dbu.dk-club-logos; kampvisning-poolrowid"
"Tuse Næs BK","http://www.tusenaesboldklub.dk/","dbu-klubcms","DBU Klub-CMS (Umbraco)","high","umbraco-media-path; dbu-viewport"
"Tvis KFUM & IF","http://fodbold.tvisby.dk/","unreachable","","n/a","fetch failed"
"Tved BK","http://www.tvedboldklub.dk/","dbu-klubcms","DBU Klub-CMS (Umbraco)","high","umbraco-media-path; dbu-viewport; file.dbu.dk-club-logos; kampvisning-poolrowid"
"Tylstrup IF","http://www.tuif.dk/","custom","WordPress","high","platform:WordPress; generator:WordPress 7.0"
"Tuse IF","http://www.tusefodbold.dk/","dbu-klubcms","DBU Klub-CMS (Umbraco)","high","umbraco-media-path; dbu-viewport"
"Tølløse Privat- og Efterskole","http://tpoe.dk/","custom","TYPO3","medium","platform:TYPO3; generator:TYPO3 CMS"
"Torslunde-Ishøj IF","http://www.tiif.dk/fodbold/","custom","WordPress","high","platform:WordPress"
"Trustrup-Ålsrode IF","http://www.taaif.dk/","custom","WordPress","high","platform:WordPress"
"Tølløse BK","http://www.tbk-fodbold.dk/","dbu-klubcms","DBU Klub-CMS (Umbraco)","high","umbraco-media-path; dbu-viewport"
"Tune IF","http://www.tune-if.dk/","custom","WordPress","high","platform:WordPress; generator:WordPress 7.0"
"Tømmerup GU","http://www.tgu.klub-modul.dk/","unknown","","low",""
"Tårup IF","http://www.taarupif.dk/","dbu-klubcms","DBU Klub-CMS (Umbraco)","medium","umbraco-media-path"
"Tønder SF","http://www.tsf-fodbold.dk/","dbu-klubcms","DBU Klub-CMS (Umbraco)","high","umbraco-media-path; dbu-viewport; file.dbu.dk-club-logos; kampvisning-poolrowid"
"Taarbæk IF","http://www.taarbaekif.dk/","dbu-klubcms","DBU Klub-CMS (Umbraco)","high","umbraco-media-path; dbu-viewport"
"Systofte BK","http://www.systofte-boldklub.dk/","unreachable","","n/a","fetch failed"
"Tårnby FF","http://www.taarnbyff.dk/","dbu-klubcms","DBU Klub-CMS (Umbraco)","high","umbraco-media-path; dbu-viewport; file.dbu.dk-club-logos; kampvisning-poolrowid; kampfakta-resource"
"Tåsinge f. B.","http://www.taasingefb.dk/","dbu-klubcms","DBU Klub-CMS (Umbraco)","high","umbraco-media-path; dbu-viewport; file.dbu.dk-club-logos; kampvisning-poolrowid"
"Taastrup FC","http://www.taastrupfc.com/","dbu-klubcms","DBU Klub-CMS (Umbraco)","high","umbraco-media-path; dbu-viewport"
"Uldum IF","http://www.uldum-if.dk/","custom","SPA/tom HTML","low","empty-or-spa-shell"
"Ubberud IF","http://www.ubberud-if.dk/","dbu-klubcms","DBU Klub-CMS (Umbraco)","high","umbraco-media-path; dbu-viewport"
"Uhre GIF","http://www.uhregif.dk/","dbu-klubcms","DBU Klub-CMS (Umbraco)","high","umbraco-media-path; dbu-viewport; template-default-dbu-mail"
"Ubby Fri- og Efterskole","http://ubby.dk/","custom","WordPress","high","platform:WordPress; generator:WordPress 7.0"
"Ulsted B","http://www.ulstedboldklub.dk/","unknown","","low",""
"Uvelse IF","http://www.uif.dk/","unknown","","low",""
"Sydøstjysk Fodbolddommerklub","http://www.sydoestjyskdommer.dk/","custom","WordPress","high","platform:WordPress; generator:WordPress 6.9.4"
"Vadum IF","http://www.vadum-fodbold.dk/","dbu-klubcms","DBU Klub-CMS (Umbraco)","high","umbraco-media-path; dbu-viewport"
"Tårs/Ugilt IF","http://www.taars-ugilt-if.dk/","custom","WordPress","high","platform:WordPress; generator:WordPress 6.9.4"
"University College Lillebælt Football Club","http://www.facebook.com/UCLFC","custom","Shopify","medium","platform:Shopify"
"Ulbjerg IF","http://www.ulbjergif.dk/","custom","Joomla","medium","platform:Joomla; generator:Joomla! - Open Source Content Management"
"Tørring IF","http://www.toerring-if.dk/","custom","WordPress","high","platform:WordPress; generator:WordPress 7.0"
"Valsgård IF 83","http://www.vif83.dk/","unknown","","low",""
"Vallensbæk IF","http://www.vallensbaek-if.dk/","dbu-klubcms","DBU Klub-CMS (Umbraco)","high","umbraco-media-path; dbu-viewport"
"Vandel Efterskole","http://www.vandelefterskole.dk/","custom","WordPress","high","platform:WordPress; generator:WordPress 7.0"
"Vamdrup IF","http://www.viffodbold.dk/","unknown","","low",""
"Varnæs/Bovrup IF","http://www.vbif.dk/","custom","WordPress","high","platform:WordPress; generator:WordPress 7.0"
"Veddum IF","http://www.veddumif.dk/","custom","WordPress","high","platform:WordPress; generator:WordPress 7.0"
"Vatanspor","http://www.vatanspor.dk/","unknown","","low","generator:One.com Web Editor"
"Varde IF","http://www.vardeif.dk/","dbu-klubcms","DBU Klub-CMS (Umbraco)","high","umbraco-media-path; dbu-viewport"
"Valby Boldklub","http://www.valbyboldklub.dk/","custom","WordPress","high","platform:WordPress; generator:WordPress 7.0"
"Vanløse Idræts Forening","http://www.vanloeseif.dk/","dbu-klubcms","DBU Klub-CMS (Umbraco)","high","umbraco-media-path; dbu-viewport; file.dbu.dk-club-logos; kampvisning-poolrowid; kampfakta-resource"
"Veflinge G &  IF","http://www.vgif.dk/","custom","WordPress","high","platform:WordPress; generator:WordPress 7.0"
"Vejby IF","http://www.vtfodbold.dk/","custom","Wix","high","platform:Wix; generator:Wix.com Website Builder"
"Vejen SF","http://www.vejensf.dk/","unknown","","low",""
"Vejle B","http://www.vejleboldklub.dk/","dbu-klubcms","DBU Klub-CMS (Umbraco)","high","umbraco-media-path; dbu-viewport"
"Vejgaard B","http://www.vejgaard-bk.dk/","dbu-klubcms","DBU Klub-CMS (Umbraco)","high","umbraco-media-path; dbu-viewport; file.dbu.dk-club-logos; kampvisning-poolrowid; kampfakta-resource"
"Vejle Fodbolddommerklub","http://www.vejlefodbolddommerklub.dk/","custom","WordPress","high","platform:WordPress; generator:WordPress 7.0"
"Vejle FC","http://www.vejlefc.dk/","dbu-klubcms","DBU Klub-CMS (Umbraco)","high","umbraco-media-path; dbu-viewport"
"Vejlby Skovbakken Aarhus","http://www.vskaarhus.dk/","dbu-klubcms","DBU Klub-CMS (Umbraco)","high","umbraco-media-path; dbu-viewport"
"Vellev IF","http://www.vellev-if.dk/","custom","Drupal","medium","platform:Drupal; generator:Drupal 7 (http://drupal.org)"
"Veksø IF","http://www.veksoe-if.dk/","unknown","","low",""
"Vejle Kammeraterne","http://www.vejle-kammeraterne.dk/","dbu-klubcms","DBU Klub-CMS (Umbraco)","high","umbraco-media-path; dbu-viewport; file.dbu.dk-club-logos; kampvisning-poolrowid"
"Undløse BK","http://www.ub1901.dk/","custom","WordPress","high","platform:WordPress"
"Vemmelev BK","http://www.vemmelev-boldklub.dk/","dbu-klubcms","DBU Klub-CMS (Umbraco)","high","umbraco-media-path; dbu-viewport"
"Vejle Idrætsefterskole","http://www.vies.dk/","custom","WordPress","high","platform:WordPress"
"Vestbirk Musik- & Sportsefterskole","http://www.vestbirk-efterskole.dk/","custom","WordPress","high","platform:WordPress; generator:WordPress 7.0"
"Verninge IF","http://www.verningeif.dk/","dbu-klubcms","DBU Klub-CMS (Umbraco)","high","umbraco-media-path; dbu-viewport; file.dbu.dk-club-logos; kampvisning-poolrowid"
"Vester Hjermitslev B","http://www.123hjemmeside.dk/vhb","unreachable","","n/a","fetch failed"
"Vesterborg Efterskole","http://vesterborgefterskole.dk/","unreachable","","n/a","fetch failed"
"Vester Hassing GF","http://www.vhg.dk/","unknown","","low",""
"Vesterbro Alliancen","http://www.fcva.dk/","unreachable","","n/a","fetch failed"
"Vestervig/Agger IF","http://www.vaif.dk/","unreachable","","n/a","fetch failed"
"Vejrumbro Boldklub","http://www.vejrumbroboldklub.dk/","custom","WordPress","high","platform:WordPress; generator:WordPress 7.0"
"Vestsjællands idrætsefterskole","http://www.efterskole.nu/","unreachable","","n/a","fetch failed"
"Viborg Vestermarken","http://www.vugf.dk/","unknown","","low","generator:One.com Web Editor"
"Viborg FF Oldboys 2003","http://www.vff.dk/","custom","Joomla","medium","platform:Joomla; generator:Joomla! - Open Source Content Management"
"Velling UIF","http://www.vuif.eu/","custom","WordPress","high","platform:WordPress; generator:WordPress 7.0"
"Viborg FF","http://www.viborg-ff.dk/","dbu-klubcms","DBU Klub-CMS (Umbraco)","high","umbraco-media-path; dbu-viewport; file.dbu.dk-club-logos; kampvisning-poolrowid"
"Viby IF","http://www.vibyfodbold.dk/","dbu-klubcms","DBU Klub-CMS (Umbraco)","high","umbraco-media-path; dbu-viewport"
"Viborg B67","http://www.viborgb67.dk/","dbu-klubcms","DBU Klub-CMS (Umbraco)","high","umbraco-media-path; dbu-viewport; file.dbu.dk-club-logos; kampvisning-poolrowid"
"Videbæk IF","http://www.vif-fodbold.dk/","dbu-klubcms","WordPress","high","platform:WordPress; umbraco-media-path; dbu-viewport"
"Vestbjerg IF","http://www.vestbjergif.dk/fodbold","custom","WordPress","high","platform:WordPress; generator:WordPress 7.0"
"Vinderslev IF","http://www.vinderslev-if.dk/","custom","WordPress","high","platform:WordPress; generator:WordPress 7.0"
"Viking Fodbold","http://www.vikingfodbold.dk/","dbu-klubcms","DBU Klub-CMS (Umbraco)","high","umbraco-media-path; dbu-viewport; file.dbu.dk-club-logos; kampvisning-poolrowid"
"Vinding SF","http://www.vsffodbold.dk/","dbu-klubcms","DBU Klub-CMS (Umbraco)","high","umbraco-media-path; dbu-viewport"
"VIF, Mors","http://www.vifmors.dk/","custom","WordPress","high","platform:WordPress; generator:WordPress 7.0"
"Vindinge IF","http://www.vindinge-if.dk/","custom","WordPress","high","platform:WordPress; generator:WordPress 7.0"
"Vildbjerg SF","http://www.vsf-fodbold.dk/","dbu-klubcms","DBU Klub-CMS (Umbraco)","high","umbraco-media-path; dbu-viewport; file.dbu.dk-club-logos; kampvisning-poolrowid"
"Vindinge BK","http://www.vindingeboldklub.dk/","dbu-klubcms","DBU Klub-CMS (Umbraco)","high","umbraco-media-path; dbu-viewport; file.dbu.dk-club-logos; kampvisning-poolrowid"
"Vinderup IK","http://www.vinderup-ik.dk/","custom","WordPress","high","platform:WordPress; generator:WordPress 6.9.4"
"Vipperød BK","http://www.vipperod-bk.dk/","dbu-klubcms","DBU Klub-CMS (Umbraco)","high","umbraco-media-path; dbu-viewport"
"Visborg IF","http://www.visborg-if.dk/","unreachable","","n/a","fetch failed"
"Virring Fodbold","http://www.virringfodbold.dk/","dbu-klubcms","DBU Klub-CMS (Umbraco)","high","umbraco-media-path; dbu-viewport"
"Vittrup Efterskole - Lukket ??","http://www.vittrupefterskole.dk/","unreachable","","n/a","fetch failed"
"Virum-Sorgenfri BK","http://www.vsb-fodbold.dk/","dbu-klubcms","DBU Klub-CMS (Umbraco)","high","umbraco-media-path; dbu-viewport; file.dbu.dk-club-logos; kampvisning-poolrowid"
"Virklund B","http://www.virklundboldklub.dk/","unknown","","low",""
"Virup IF","http://www.virupif.dk/","unknown","","low",""
"Vivild IF","http://www.vivild-if.dk/","custom","WordPress","high","platform:WordPress; generator:WordPress 7.0"
"Vissenbjerg G & IF","http://www.vgif-fodbold.dk/","dbu-klubcms","DBU Klub-CMS (Umbraco)","high","umbraco-media-path; dbu-viewport"
"Vivild Gymnastik- og Idrætsefterskole","http://www.vgi.dk/","custom","Squarespace","high","platform:Squarespace"
"Voersaa IF","http://www.voersaa-if.dk/","custom","SPA/tom HTML","low","empty-or-spa-shell"
"Vojens BI","http://www.vbi.dk/","dbu-klubcms","DBU Klub-CMS (Umbraco)","high","umbraco-media-path; dbu-viewport"
"Vodskov IF","http://www.vodskovfodbold.dk/","dbu-klubcms","DBU Klub-CMS (Umbraco)","high","umbraco-media-path; dbu-viewport; file.dbu.dk-club-logos; kampvisning-poolrowid"
"Vonsild FK","http://www.vonsildfodboldklub.dk/","dbu-klubcms","DBU Klub-CMS (Umbraco)","high","umbraco-media-path; dbu-viewport"
"Vorgod-Barde Motion og fritid","http://www.vorgodbardehallen.dk/","custom","Drupal","medium","platform:Drupal; generator:Drupal 11 (https://www.drupal.org)"
"Vordingborg IF","http://www.vifnet.dk/","custom","WordPress","high","platform:WordPress; generator:WordPress 7.0"
"Vorupør B","http://www.voruporbk.dk/","unreachable","","n/a","fetch failed"
"Vorbasse Boldklub af 1912","http://www.vorbasseboldklub.dk/","dbu-klubcms","DBU Klub-CMS (Umbraco)","high","umbraco-media-path; dbu-viewport"
"Vinding UIF","http://www.vinding-uif.dk/","custom","WordPress","high","platform:WordPress; generator:WordPress 6.5.8"
"Vrå/Børglum IF","http://www.vbi-vraa.dk/","custom","Wix","high","platform:Wix; generator:Wix.com Website Builder"
"Vorup FB","http://www.vorupfb.dk/","dbu-klubcms","DBU Klub-CMS (Umbraco)","high","umbraco-media-path; dbu-viewport"
"Værløse BK","http://www.vbold.dk/","dbu-klubcms","DBU Klub-CMS (Umbraco)","high","umbraco-media-path; dbu-viewport; file.dbu.dk-club-logos; kampvisning-poolrowid"
"ØBG Silkeborg","http://www.obg.dk/","unknown","","low",""
"Vor Frue IF","http://www.vorfrueif.dk/","custom","WordPress","high","platform:WordPress; generator:WordPress 6.9.4"
"Værum GF","http://www.vaerum.net/","custom","WordPress","high","platform:WordPress; generator:WordPress 6.2.9"
"Ølgod IF","http://www.olgod-if.dk/","unknown","","low",""
"Vojens Gymnastik- & Idrætsefterskole","http://www.vgie.dk/","custom","WordPress","high","platform:WordPress"
"Ølholm B","http://www.ølholmboldklub.dk/","custom","WordPress","high","platform:WordPress; generator:WordPress 7.0"
"Vaarst/Fjellerad B","http://www.vfb-sport.dk/","custom","WordPress","high","platform:WordPress; generator:WordPress 7.0"
"Ølsted IF","http://www.boldenruller.dk/","unknown","","low",""
"Ølstrup GU","http://www.olstrupgu.dk/","unknown","","low","generator:One.com Web Editor"
"Ølstykke FC","http://www.olstykke-fodbold.dk/","custom","SPA/tom HTML","low","empty-or-spa-shell"
"Væggerløse BK","http://www.vbfodbold.dk/","custom","WordPress","high","platform:WordPress; generator:WordPress 7.0"
"Ørslev-Bjerge IF","http://www.oebif.dk/","unknown","","low",""
"Ørestad IF","http://www.orestadif.dk/","unknown","","low",""
"Ørslev GIF (V)","http://www.oegif.dk/","unknown","","low",""
"ØKF","http://www.oekf.dk/","unknown","","low",""
"Ørslevkloster IF","http://www.okif.dk/","unknown","","low","generator:Webnode 2"
"Ødis IF","http://www.odis-if.dk/","custom","WordPress","high","platform:WordPress; generator:WordPress 5.4.19"
"Øster Højst UIF","http://www.øhuif.dk/","unknown","","low",""
"Østbirk IF","http://www.ostbirkif.dk/","unknown","","low",""
"Øster Brønderslev IF","http://www.oebi.dk/","unknown","","low",""
"Øster Nykirke IF","http://www.onif.dk/","unknown","","low",""
"Øster Sundby B32","http://www.oeb32.dk/","dbu-klubcms","DBU Klub-CMS (Umbraco)","high","umbraco-media-path; dbu-viewport; file.dbu.dk-club-logos; kampvisning-poolrowid"
"Østervraa IF","http://www.oevifodbold.com/","unreachable","","n/a","fetch failed"
"Østerbro Idræts Forening","http://www.osterbro-if.dk/","dbu-klubcms","DBU Klub-CMS (Umbraco)","high","umbraco-media-path; dbu-viewport"
"Østofte GIF (PASSIV)","http://www.o-g-i-f.dk/","custom","Drupal","medium","platform:Drupal; generator:Drupal 7 (http://drupal.org)"
"Øster Ulslev BK","http://www.øub.dk/","custom","Wix","high","platform:Wix; generator:Wix.com Website Builder"
"AaB","http://www.aabaf1885.dk/","dbu-klubcms","DBU Klub-CMS (Umbraco)","high","umbraco-media-path; dbu-viewport"
"Østmøn SGI","http://www.eastmoenfk.dk/","dbu-klubcms","DBU Klub-CMS (Umbraco)","high","umbraco-media-path; dbu-viewport; file.dbu.dk-club-logos; kampvisning-poolrowid"
"Aabenraa BK","http://www.aabk.dk/","dbu-klubcms","DBU Klub-CMS (Umbraco)","high","umbraco-media-path; dbu-viewport; file.dbu.dk-club-logos; kampvisning-poolrowid; template-default-dbu-mail"
"Øster Vedsted IF","http://www.ostervedstedif.dk/","custom","WordPress","high","platform:WordPress; generator:WordPress 6.7.5"
"Aabybro IF","http://www.aabybrofodbold.dk/","dbu-klubcms","DBU Klub-CMS (Umbraco)","high","umbraco-media-path; dbu-viewport; file.dbu.dk-club-logos; kampvisning-poolrowid"
"Aabyhøj IF","http://www.aaif-fodbold.dk/","dbu-klubcms","DBU Klub-CMS (Umbraco)","high","umbraco-media-path; dbu-viewport; file.dbu.dk-club-logos"
"Ådalen IF","http://www.ifaa.dk/","unknown","","low",""
"Åkirkeby IF","http://www.aaif.dk/","custom","WordPress","high","platform:WordPress"
"Østermarie IF","http://www.øif.dk/","custom","WordPress","high","platform:WordPress; generator:WordPress 7.0"
"Aalborg Fremad","http://www.aalborgfremad.dk/","custom","SPA/tom HTML","low","empty-or-spa-shell"
"Aalborg Chang","http://www.aalborgchang.dk/","dbu-klubcms","DBU Klub-CMS (Umbraco)","high","umbraco-media-path; dbu-viewport; file.dbu.dk-club-logos; kampvisning-poolrowid"
"Aakanden GF","http://www.aakandengf.dk/","unknown","","low",""
"Aalborg Studenternes IF","http://www.aasi.dk/fodbold","unreachable","","n/a","fetch failed"
"Aalborg Futsal Klub","http://www.aalborgfutsal.dk/","unknown","","low",""
"Ålholm IF","http://fodbold.aalholm-if.dk/","custom","SPA/tom HTML","low","empty-or-spa-shell"
"Aalborg Fodbolddommerklub","https://aalborgfdk.dk/","custom","WordPress","high","platform:WordPress; generator:WordPress 7.0"
"Aalestrup IF","http://www.aalestrup-if.dk/","unknown","","low",""
"Aalborg Freja","http://www.aalborgfreja.dk/","dbu-klubcms","DBU Klub-CMS (Umbraco)","high","umbraco-media-path; dbu-viewport; file.dbu.dk-club-logos; kampvisning-poolrowid"
"Vendsyssel FF (professional)","http://www.fc-hjoerring.dk/","unreachable","","n/a","fetch failed"
"Aarhus 1900","http://www.aarhus1900fodbold.dk/","unknown","","low",""
"Aalborg KFUM Fodbold","http://www.aalborgkfumfodbold.dk/","dbu-klubcms","DBU Klub-CMS (Umbraco)","high","umbraco-media-path; dbu-viewport"
"Aarhus Posten","http://www.aarhusposten.dk/","unknown","","low",""
"Aarsballe B.","http://www.aarsballe-boldklub.dk/","custom","Joomla","medium","platform:Joomla; generator:Joomla! - Open Source Content Management"
"Aarhus Fremad","http://www.aarhus-fremad-fodbold.dk/","unknown","","low",""
"Aars IK","http://www.aarsik.dk/","dbu-klubcms","DBU Klub-CMS (Umbraco)","high","umbraco-media-path; dbu-viewport; file.dbu.dk-club-logos; kampvisning-poolrowid"
"Aarhus Black Vipers","http://www.facebook.com/abvipers","custom","Shopify","medium","platform:Shopify"
"Aarhus Fodbolddommerklub","http://www.afdk.dk/","custom","WordPress","high","platform:WordPress; generator:WordPress 7.0"
"Aarslev BK","http://www.aarslevboldklub.dk/","dbu-klubcms","DBU Klub-CMS (Umbraco)","high","umbraco-media-path; dbu-viewport; file.dbu.dk-club-logos; kampvisning-poolrowid"
"Aarup BK","http://fodboldaarupboldklub.dk/","dbu-klubcms","DBU Klub-CMS (Umbraco)","high","umbraco-media-path; dbu-viewport; file.dbu.dk-club-logos; kampvisning-poolrowid"
"Østerlars B.","http://osterlars-sport.dk/","custom","WordPress","high","platform:WordPress; generator:WordPress 6.9.4"
"Aastrup IF","http://www.aastrup-if.dk/","custom","WordPress","high","platform:WordPress"
"Vapnagård FK 72","http://www.vfk72.dk/","unreachable","","n/a","timeout"